"YEAR","MONTH","SUPPLIER","ITEM CODE","ITEM DESCRIPTION","ITEM TYPE","RETAIL SALES","RETAIL TRANSFERS","WAREHOUSE SALES"
"2019","1","ADAMBA IMPORTS INTL","42921","BAKS ZUBROWKA BISON VODKA - 750ML","LIQUOR","2.86","5.00","0.00"
"2019","1","A&E INC","331536","CASTELLI MARTINOZZI BRUNELLO - 750ML","WINE","0.00","0.08","0.00"
"2019","1","A&E INC","336202","TENUTE RUBINO SUSUMANIELLO OLTREME 13 - 750ML","WINE","0.08","0.00","0.00"
"2019","1","A I G WINE & SPIRITS","120200","DOM DES FONTANELLE S/BLC - 750ML","WINE","0.00","0.00","0.00"
"2019","1","A I G WINE & SPIRITS","119229","TROCADERO SPARK(BRUT) - 750ML","WINE","0.00","0.00","2.00"
"2019","1","A I G WINE & SPIRITS","335452","LES FONTANELLES P/NOIR - 750ML","WINE","0.00","0.00","1.00"
"2019","1","A I G WINE & SPIRITS","189030","DOM DES FONTANELLES MER - 750ML","WINE","0.00","0.00","1.00"
"2019","1","AIKO IMPORTERS INC","313119","CHOCALATO - 750ML","WINE","0.24","0.00","0.00"
"2019","1","ALLAGASH BREWING COMPANY","90751","ALLAGASH WHITE 6/4 NR - 12OZ","BEER","15.53","32.00","125.00"
"2019","1","ALLAGASH BREWING COMPANY","11834","ALLAGASH JAMES BEAN - 1/6K","KEGS","0.00","0.00","1.00"
"2019","1","ALLAGASH BREWING COMPANY","10271","ALLAGASH SAISON 6/4 NR 12.0Z","BEER","0.67","2.00","8.00"
"2019","1","ALLAGASH BREWING COMPANY","97039","ALLAGASH TRIPLE NR - 25.4OZ","BEER","0.00","0.00","6.00"
"2019","1","ALLAGASH BREWING COMPANY","25826","ALLAGASH WHITE 1/6K","KEGS","0.00","0.00","3.00"
"2019","1","ALLAGASH BREWING COMPANY","50898","ALLAGASH CURIEUX 1/6 KEG","KEGS","0.00","0.00","2.00"
"2019","1","ALLAGASH BREWING COMPANY","2194","ALLAGASH WHITE 1/2K","KEGS","0.00","0.00","42.00"
"2019","1","ALLAGASH BREWING COMPANY","60023","ALLAGASH TRIPEL 1/2 KEG","KEGS","0.00","0.00","2.00"
"2019","1","ALLAGASH BREWING COMPANY","60877","ALLAGASH CURIEUX 6/4 NR","BEER","0.00","0.00","8.00"
"2019","1","ALLAGASH BREWING COMPANY","25092","ALLAGASH BLACK 6/4 NR - 12OZ","BEER","0.00","0.00","9.00"
"2019","1","ALLAGASH BREWING COMPANY","62032","ALLAGASH SIXTEEN COUNTIES 1/6 KEG","KEGS","0.00","0.00","1.00"
"2019","1","ALLAGASH BREWING COMPANY","30804","ALLAGASH CURIEUX 12/750ML NR","BEER","0.00","0.00","3.00"
"2019","1","ALLAGASH BREWING COMPANY","93324","ALLAGASH TRIPLE 6/4 NR - 12OZ","BEER","1.86","1.00","11.00"
"2019","1","ALLAGASH BREWING COMPANY","12251","ALLAGASH ST KLIPPENSTEIN - 1/6K","KEGS","0.00","0.00","1.00"
"2019","1","ALLAGASH BREWING COMPANY","12002","ALLAGASH INTERLUDE - 1/6K","KEGS","0.00","0.00","1.00"
"2019","1","ALLAGASH BREWING COMPANY","62902","ALLAGASH BON VIEUX TEMPS 1/6 KEG","KEGS","0.00","0.00","1.00"
"2019","1","ALLAGASH BREWING COMPANY","62903","ALLAGASH BON PICTAVIA 1/6 KEG","KEGS","0.00","0.00","1.00"
"2019","1","ALLAGASH BREWING COMPANY","62904","ALLAGASH COOLSHIP RESURGAM 375ML","BEER","0.00","0.00","1.00"
"2019","1","ALLAGASH BREWING COMPANY","62905","ALLAGASH PICTAVIA 6/4 NR","BEER","0.00","0.00","2.00"
"2019","1","ALLIED IMPORTERS USA LTD","73675","AMERICAN BARRELS BOURBON  NV - 750ML","LIQUOR","0.00","1.00","0.00"
"2019","1","ALLIED IMPORTERS USA LTD","345687","DALTON ALMA BORD '14 MEVUSHAL - 750ML","WINE","0.00","0.00","1.00"
"2019","1","ALTITUDE SPIRITS INC","70144","JUNIPER GREEN LONDON DRY GIN - 750ML","LIQUOR","0.17","0.00","0.00"
"2019","1","AMERICAN BEVERAGE CORPORATION","83228","DAILYS ISLAND BREEZE - 10OZ","BEER","0.20","1.00","1.00"
"2019","1","AMERICAN BEVERAGE CORPORATION","85173","DAILYS BLUE HAWAIIAN - 10.0Z","BEER","0.82","2.00","2.00"
"2019","1","AMERICAN BEVERAGE CORPORATION","166387","DAILY'S COCKTAIL MARGARITA - 10 OZ","BEER","1.48","0.00","2.00"
"2019","1","AMERICAN BEVERAGE CORPORATION","166386","DAILY'S COCKTAIL FROSE -10 OZ","BEER","1.94","4.00","0.00"
"2019","1","AMERICAN BEVERAGE CORPORATION","85827","DAILYS PINA COLADA - 10.0Z","BEER","0.42","0.00","0.00"
"2019","1","AMERICAN BEVERAGE CORPORATION","85150","DAILYS BAHAMA MAMA - 10.0Z","BEER","4.95","4.00","5.00"
"2019","1","AMERICAN BEVERAGE CORPORATION","71810","DAILYS COCKTAIL STRAW/DAIQUIRE - NA - 1L","NON-ALCOHOL","9.07","(0.08)","0.00"
"2019","1","AMERICAN BEVERAGE CORPORATION","80050","DAILYS PEACH ON THE BEACH POUCH - 10OZ","BEER","3.01","3.00","0.00"
"2019","1","AMERICAN BEVERAGE CORPORATION","71799","DAILYS COCKTAIL SWEET & SOUR - NA - 1L","NON-ALCOHOL","0.24","0.00","0.00"
"2019","1","AMERICAN BEVERAGE CORPORATION","166412","DAILY'S COCKTAIL STRAWBERRY DAIQUIRI - 10 OZ","BEER","0.00","0.00","1.00"
"2019","1","AMERICAN BEVERAGE CORPORATION","82329","DAILYS MAUI WOWIE - 10.OZ","BEER","0.32","0.00","0.00"
"2019","1","AMERICAN BEVERAGE CORPORATION","85183","DAILYS HURRICANE - 10.0Z","BEER","0.20","1.00","1.00"
"2019","1","AMERICAN BEVERAGE MARKETERS","70069","FINEST CALL MARGARITA - 1L","NON-ALCOHOL","16.31","14.00","8.00"
"2019","1","AMERICAN BEVERAGE MARKETERS","74134","MASTER OF MIXES SWEET/SOUR - 1.75L","NON-ALCOHOL","20.95","23.00","3.00"
"2019","1","AMERICAN BEVERAGE MARKETERS","87994","FINEST CALL MANGO PUREE - 1L","NON-ALCOHOL","6.04","5.00","1.00"
"2019","1","AMERICAN BEVERAGE MARKETERS","70047","FINEST CALL PINA COLADA - 1L","NON-ALCOHOL","6.35","4.00","8.00"
"2019","1","AMERICAN BEVERAGE MARKETERS","70924","MASTER OF MIXES LIME JUICE - 375ML","NON-ALCOHOL","25.94","19.92","2.00"
"2019","1","AMERICAN BEVERAGE MARKETERS","70665","MASTER OF MIXES GRENADINE - 375ML","NON-ALCOHOL","19.66","23.00","5.00"
"2019","1","AMERICAN BEVERAGE MARKETERS","70701","MASTER OF MIXES MARGARITA - 1.75L","NON-ALCOHOL","18.94","25.00","5.00"
"2019","1","AMERICAN BEVERAGE MARKETERS","70736","MASTER OF MIXES COSMO - 1L","NON-ALCOHOL","0.24","0.00","0.00"
"2019","1","AMERICAN BEVERAGE MARKETERS","70198","MASTER OF MIXES MARGARITA LITE - 1.75L","NON-ALCOHOL","7.80","10.00","0.00"
"2019","1","AMERICAN BEVERAGE MARKETERS","70647","FINEST CALL STRAWBERRY PUREE - 1L","NON-ALCOHOL","4.10","4.00","2.00"
"2019","1","AMERICAN BEVERAGE MARKETERS","70756","FINEST CALL SWEET & SOUR - 1L","NON-ALCOHOL","20.12","18.00","6.00"
"2019","1","AMERICAN BEVERAGE MARKETERS","70717","MASTER OF MIXES PINA COLADA - 1.75L","NON-ALCOHOL","8.96","5.00","1.00"
"2019","1","AMERICAN BEVERAGE MARKETERS","70901","FINEST CALL BLOODY MARY - 1L","NON-ALCOHOL","5.80","12.00","2.00"
"2019","1","AMERICAN BEVERAGE MARKETERS","70691","MASTER OF MIXES STR/DAQ/MAR - 1.75L","NON-ALCOHOL","4.41","8.00","2.00"
"2019","1","AMERICAN BEVERAGE MARKETERS","70727","MASTER OF MIXES MOJITO - 1L","NON-ALCOHOL","0.16","(0.58)","0.00"
"2019","1","AMERICAN BEVERAGE MARKETERS","70709","MASTER OF MIXES BLOODY MARY - 1.75L","NON-ALCOHOL","8.44","14.00","1.00"
"2019","1","AMERICAN FIDELITY TRADING","45898","ARAK LE BRUN - 750ML","LIQUOR","2.13","2.00","0.00"
"2019","1","AMERICAN FIDELITY TRADING","101079","KSARA CUV DU PAPE CHARD - 750ML","WINE","0.00","0.00","0.00"
"2019","1","AMERICAN FIDELITY TRADING","388963","KSARA SUNSET ROSE - 750ML","WINE","0.32","1.00","0.00"
"2019","1","AMERICAN FIDELITY TRADING","101117","KSARA CAB - 750ML","WINE","0.65","1.00","0.00"
"2019","1","AMERICAN FIDELITY TRADING","324680","KSARA CUV DU PRINTEMPS - 750ML","WINE","0.99","1.00","0.00"
"2019","1","AMERICAN FIDELITY TRADING","324566","ARAK KSARAK - 750ML","LIQUOR","0.00","0.00","1.00"
"2019","1","AMERICAN FIDELITY TRADING","163740","KSARA BDB - 750ML","WINE","0.00","0.00","1.00"
"2019","1","AMERICAN FIDELITY TRADING","163589","KSARA RES DU COUVENT RED - 750ML","WINE","0.00","0.00","3.00"
"2019","1","AMERICAN FIDELITY TRADING","390968","CLOS ST THOMAS LES GOURMETS RED - 750ML","WINE","0.00","0.00","1.00"
"2019","1","ANHEUSER BUSCH INC","97918","STELLA ARTOIS 2/12 NR - 11.2OZ","BEER","449.57","534.00","2,631.00"
"2019","1","ANHEUSER BUSCH INC","56430","OMISSION ULTIMATE 6PK NR","BEER","4.00","6.00","18.00"
"2019","1","ANHEUSER BUSCH INC","97861","SPATEN OKTOBERFEST 4/6 NR - 12OZ","BEER","0.75","0.00","0.00"
"2019","1","ANHEUSER BUSCH INC","97853","SPATEN OPTIMATOR DARK 4/6NR - 12OZ","BEER","12.12","0.00","1.00"
"2019","1","ANHEUSER BUSCH INC","97845","SPATEN PREMIUM LAGER 4/6NR - 12OZ","BEER","27.50","37.00","127.00"
"2019","1","ANHEUSER BUSCH INC","20093","10 BARREL JOE IPA 1/6K","KEGS","0.00","0.00","8.00"
"2019","1","ANHEUSER BUSCH INC","51010","DEVILS BACKBONE STRIPED BASS PALE ALE 2/15PK 12OZ CAN","BEER","0.00","0.00","4.50"
"2019","1","ANHEUSER BUSCH INC","23773","GOOSE ISLAND IPA 4/6 NR - 12OZ","BEER","66.50","98.00","319.00"
"2019","2","ADAMBA IMPORTS INTL","42921","BAKS ZUBROWKA BISON VODKA - 750ML","LIQUOR","3.87","2.00","0.00"
"2019","2","A I G WINE & SPIRITS","335452","LES FONTANELLES P/NOIR - 750ML","WINE","0.00","0.00","2.00"
"2019","2","A I G WINE & SPIRITS","119229","TROCADERO SPARK(BRUT) - 750ML","WINE","0.00","0.00","7.00"
"2019","2","AIKO IMPORTERS INC","313119","CHOCALATO - 750ML","WINE","0.41","0.00","0.00"
"2019","2","ALLAGASH BREWING COMPANY","2194","ALLAGASH WHITE 1/2K","KEGS","0.00","0.00","34.00"
"2019","2","ALLAGASH BREWING COMPANY","62903","ALLAGASH BON PICTAVIA 1/6 KEG","KEGS","0.00","0.00","1.00"
"2019","2","ALLAGASH BREWING COMPANY","25826","ALLAGASH WHITE 1/6K","KEGS","0.00","0.00","5.00"
"2019","2","ALLAGASH BREWING COMPANY","30804","ALLAGASH CURIEUX 12/750ML NR","BEER","0.00","0.00","3.00"
"2019","2","ALLAGASH BREWING COMPANY","10271","ALLAGASH SAISON 6/4 NR 12.0Z","BEER","0.68","3.00","8.00"
"2019","2","ALLAGASH BREWING COMPANY","61036","ALLAGASH JAMES BEAN 1/2 KEG","KEGS","0.00","0.00","1.00"
"2019","2","ALLAGASH BREWING COMPANY","62905","ALLAGASH PICTAVIA 6/4 NR","BEER","0.00","0.00","5.00"
"2019","2","ALLAGASH BREWING COMPANY","60877","ALLAGASH CURIEUX 6/4 NR","BEER","0.00","0.00","10.00"
"2019","2","ALLAGASH BREWING COMPANY","93324","ALLAGASH TRIPLE 6/4 NR - 12OZ","BEER","5.02","5.00","17.00"
"2019","2","ALLAGASH BREWING COMPANY","97039","ALLAGASH TRIPLE NR - 25.4OZ","BEER","0.00","0.00","4.00"
"2019","2","ALLAGASH BREWING COMPANY","25092","ALLAGASH BLACK 6/4 NR - 12OZ","BEER","0.00","0.00","6.00"
"2019","2","ALLAGASH BREWING COMPANY","90751","ALLAGASH WHITE 6/4 NR - 12OZ","BEER","25.09","22.00","91.00"
"2019","2","ALLAGASH BREWING COMPANY","60023","ALLAGASH TRIPEL 1/2 KEG","KEGS","0.00","0.00","1.00"
"2019","2","ALLIED IMPORTERS USA LTD","73675","AMERICAN BARRELS BOURBON  NV - 750ML","LIQUOR","0.67","0.00","0.00"
"2019","2","ALTITUDE SPIRITS INC","70144","JUNIPER GREEN LONDON DRY GIN - 750ML","LIQUOR","0.08","0.00","0.00"
"2019","2","AMERICAN BEVERAGE CORPORATION","166520","DAILY'S COCKTAIL PINA COLADA - 10 OZ","BEER","0.00","1.00","1.00"
"2019","2","AMERICAN BEVERAGE CORPORATION","85150","DAILYS BAHAMA MAMA - 10.0Z","BEER","5.06","5.00","2.00"
"2019","2","AMERICAN BEVERAGE CORPORATION","71810","DAILYS COCKTAIL STRAW/DAIQUIRE - NA - 1L","NON-ALCOHOL","8.44","0.00","0.00"
"2019","2","AMERICAN BEVERAGE CORPORATION","80050","DAILYS PEACH ON THE BEACH POUCH - 10OZ","BEER","3.01","2.00","1.00"
"2019","2","AMERICAN BEVERAGE CORPORATION","85183","DAILYS HURRICANE - 10.0Z","BEER","0.32","0.00","0.00"
"2019","2","AMERICAN BEVERAGE CORPORATION","166412","DAILY'S COCKTAIL STRAWBERRY DAIQUIRI - 10 OZ","BEER","0.00","0.00","2.00"
"2019","2","AMERICAN BEVERAGE CORPORATION","166387","DAILY'S COCKTAIL MARGARITA - 10 OZ","BEER","0.97","2.00","2.00"
"2019","2","AMERICAN BEVERAGE CORPORATION","82329","DAILYS MAUI WOWIE - 10.OZ","BEER","0.40","0.00","0.00"
"2019","2","AMERICAN BEVERAGE CORPORATION","83228","DAILYS ISLAND BREEZE - 10OZ","BEER","0.04","0.00","1.00"
"2019","2","AMERICAN BEVERAGE CORPORATION","85173","DAILYS BLUE HAWAIIAN - 10.0Z","BEER","0.89","1.00","1.00"
"2019","2","AMERICAN BEVERAGE CORPORATION","71799","DAILYS COCKTAIL SWEET & SOUR - NA - 1L","NON-ALCOHOL","0.48","2.00","1.00"
"2019","2","AMERICAN BEVERAGE CORPORATION","85827","DAILYS PINA COLADA - 10.0Z","BEER","0.53","0.00","0.00"
"2019","2","AMERICAN BEVERAGE CORPORATION","166386","DAILY'S COCKTAIL FROSE -10 OZ","BEER","2.22","0.00","1.00"
"2019","2","AMERICAN BEVERAGE MARKETERS","70717","MASTER OF MIXES PINA COLADA - 1.75L","NON-ALCOHOL","9.62","4.00","0.00"
"2019","2","AMERICAN BEVERAGE MARKETERS","87994","FINEST CALL MANGO PUREE - 1L","NON-ALCOHOL","10.88","8.00","0.00"
"2019","2","AMERICAN BEVERAGE MARKETERS","74134","MASTER OF MIXES SWEET/SOUR - 1.75L","NON-ALCOHOL","22.44","16.00","1.00"
"2019","2","AMERICAN BEVERAGE MARKETERS","70756","FINEST CALL SWEET & SOUR - 1L","NON-ALCOHOL","22.86","22.00","8.00"
"2019","2","AMERICAN BEVERAGE MARKETERS","70047","FINEST CALL PINA COLADA - 1L","NON-ALCOHOL","7.27","6.00","7.00"
"2019","2","AMERICAN BEVERAGE MARKETERS","70069","FINEST CALL MARGARITA - 1L","NON-ALCOHOL","18.90","15.00","5.00"
"2019","2","AMERICAN BEVERAGE MARKETERS","70198","MASTER OF MIXES MARGARITA LITE - 1.75L","NON-ALCOHOL","9.62","3.00","0.00"
"2019","2","AMERICAN BEVERAGE MARKETERS","70736","MASTER OF MIXES COSMO - 1L","NON-ALCOHOL","0.33","0.00","0.00"
"2019","2","AMERICAN BEVERAGE MARKETERS","70701","MASTER OF MIXES MARGARITA - 1.75L","NON-ALCOHOL","31.22","28.00","1.00"
"2019","2","AMERICAN BEVERAGE MARKETERS","70924","MASTER OF MIXES LIME JUICE - 375ML","NON-ALCOHOL","29.40","26.00","5.00"
"2019","2","AMERICAN BEVERAGE MARKETERS","70665","MASTER OF MIXES GRENADINE - 375ML","NON-ALCOHOL","21.89","16.00","9.00"
"2019","2","AMERICAN BEVERAGE MARKETERS","70647","FINEST CALL STRAWBERRY PUREE - 1L","NON-ALCOHOL","4.96","4.00","6.00"
"2019","2","AMERICAN BEVERAGE MARKETERS","70901","FINEST CALL BLOODY MARY - 1L","NON-ALCOHOL","5.52","4.00","2.00"
"2019","2","AMERICAN BEVERAGE MARKETERS","70691","MASTER OF MIXES STR/DAQ/MAR - 1.75L","NON-ALCOHOL","4.76","2.00","1.00"
"2019","2","AMERICAN BEVERAGE MARKETERS","70709","MASTER OF MIXES BLOODY MARY - 1.75L","NON-ALCOHOL","8.61","5.00","0.00"
"2019","2","AMERICAN FIDELITY TRADING","101117","KSARA CAB - 750ML","WINE","0.66","0.00","1.00"
"2019","2","AMERICAN FIDELITY TRADING","45412","CLOS ST THOMAS LES GOURMENTS BLC - 750ML","WINE","0.00","0.00","1.00"
"2019","2","AMERICAN FIDELITY TRADING","388963","KSARA SUNSET ROSE - 750ML","WINE","0.50","0.00","0.00"
"2019","2","AMERICAN FIDELITY TRADING","44736","ARAK GANTOUS & ABOURAAD - 750ML","LIQUOR","0.00","0.00","1.00"
"2019","2","AMERICAN FIDELITY TRADING","45898","ARAK LE BRUN - 750ML","LIQUOR","3.10","1.00","0.00"
"2019","2","AMERICAN FIDELITY TRADING","384216","DOM WARDY MER - 750ML","WINE","0.00","0.00","1.00"
"2019","2","AMERICAN FIDELITY TRADING","331528","CLOS ST THOMAS P/NOIR - 750ML","WINE","0.00","0.00","2.00"
"2019","2","AMERICAN FIDELITY TRADING","324647","CLOS ST THOMAS CH RED - 750ML","WINE","0.00","0.00","1.00"
"2019","2","AMERICAN FIDELITY TRADING","390968","CLOS ST THOMAS LES GOURMETS RED - 750ML","WINE","0.00","0.00","1.00"
"2019","2","AMERICAN FIDELITY TRADING","163589","KSARA RES DU COUVENT RED - 750ML","WINE","0.00","0.00","3.00"
"2019","2","AMERICAN FIDELITY TRADING","324680","KSARA CUV DU PRINTEMPS - 750ML","WINE","0.00","0.00","1.00"
"2019","2","ANHEUSER BUSCH INC","51016","BON & VIV SPIKED SELTZER BLACK CHERRY ROSEMARY 4/6PK 12OZ CAN","BEER","0.00","0.00","12.00"
"2019","2","ANHEUSER BUSCH INC","48977","STELLA ARTOIS 18PK 11.2OZ NR","BEER","0.00","0.00","505.00"
"2019","2","ANHEUSER BUSCH INC","51018","VIRTUE ROSE CIDER 4/6PK 12OZ CAN","BEER","0.00","0.00","47.00"
"2019","2","ANHEUSER BUSCH INC","51019","DEVILS BACKBONE HIBISCUS HARD LEMONADE 4/6PK 12.OZ NR","BEER","0.00","0.00","40.75"
"2019","2","ANHEUSER BUSCH INC","50780","MICHELOB ULTRA 2/12PK 12OZ SLEEK CAN","BEER","0.00","0.00","61.50"
"2019","2","ANHEUSER BUSCH INC","90840","KING COBRA 12/40OZ NR - 40OZ","BEER","0.00","0.00","44.00"
"2019","2","ANHEUSER BUSCH INC","51020","GOOSE ISLAND NEXT COAST IPA 1/2 KEG","KEGS","0.00","0.00","5.00"
"2019","2","ANHEUSER BUSCH INC","50781","NATTY DADDY 2/15PK 12OZ CAN","BEER","0.00","0.00","209.50"
"2019","2","ANHEUSER BUSCH INC","90190","MICHELOB ULTRA 18PK CAN - 12OZ","BEER","0.00","0.00","367.00"
"2019","2","ANHEUSER BUSCH INC","50718","DEVILS BACKBONE TRAIL ANGEL 4/6PK 12OZ NR","BEER","2.00","1.00","18.00"
"2019","2","ANHEUSER BUSCH INC","90867","BUD ICE 30PK CAN - 12OZ","BEER","0.00","0.00","308.00"
"2019","2","ANHEUSER BUSCH INC","51021","DEVILS BACKBONE GOLD LEAF LAGER 1/2 KEG","KEGS","0.00","0.00","1.00"
"2019","2","ANHEUSER BUSCH INC","50686","ESTRELLA JALISCO 12PK 24 OZ CAN","BEER","0.00","0.00","25.00"
"2019","2","ANHEUSER BUSCH INC","22935","BUD LIGHT LIME 4/6 NR - 12OZ","BEER","0.00","0.00","173.00"
"2019","2","ANHEUSER BUSCH INC","50719","DEVILS BACKBONE STRIPED BASS 1/2 KEG","KEGS","0.00","0.00","1.00"
"2019","2","ANHEUSER BUSCH INC","50721","DEVILS BACKBONE VIENNA LAGER 1/6 KEG","KEGS","0.00","0.00","10.00"
"2019","2","ANHEUSER BUSCH INC","50662","GOOSE ISLAND IPA 15 PK CAN","BEER","1.00","0.00","0.00"
"2019","3","ADAMBA IMPORTS INTL","42921","BAKS ZUBROWKA BISON VODKA - 750ML","LIQUOR","2.71","1.00","0.00"
"2019","3","A&E INC","331536","CASTELLI MARTINOZZI BRUNELLO - 750ML","WINE","0.08","0.00","0.00"
"2019","3","A I G WINE & SPIRITS","335452","LES FONTANELLES P/NOIR - 750ML","WINE","0.00","0.00","7.00"
"2019","3","A I G WINE & SPIRITS","119229","TROCADERO SPARK(BRUT) - 750ML","WINE","0.00","0.00","3.00"
"2019","3","A I G WINE & SPIRITS","120200","DOM DES FONTANELLE S/BLC - 750ML","WINE","0.00","0.00","6.00"
"2019","3","AIKO IMPORTERS INC","313119","CHOCALATO - 750ML","WINE","0.24","0.00","0.00"
"2019","3","ALLAGASH BREWING COMPANY","62903","ALLAGASH BON PICTAVIA 1/6 KEG","KEGS","0.00","0.00","1.00"
"2019","3","ALLAGASH BREWING COMPANY","25826","ALLAGASH WHITE 1/6K","KEGS","0.00","0.00","5.00"
"2019","3","ALLAGASH BREWING COMPANY","90751","ALLAGASH WHITE 6/4 NR - 12OZ","BEER","23.48","25.00","100.00"
"2019","3","ALLAGASH BREWING COMPANY","63409","ALLAGASH COOLSHIP RESURGAM 1/6 KEG","KEGS","0.00","0.00","1.00"
"2019","3","ALLAGASH BREWING COMPANY","30804","ALLAGASH CURIEUX 12/750ML NR","BEER","0.00","0.00","4.00"
"2019","3","ALLAGASH BREWING COMPANY","63301","ALLAGASH SUN DRIFT 1/6 KEG","KEGS","0.00","0.00","2.00"
"2019","3","ALLAGASH BREWING COMPANY","25092","ALLAGASH BLACK 6/4 NR - 12OZ","BEER","0.00","1.00","17.00"
"2019","3","ALLAGASH BREWING COMPANY","63302","ALLAGASH SUN DRIFT 6/4 NR","BEER","0.00","0.00","20.00"
"2019","3","ALLAGASH BREWING COMPANY","10271","ALLAGASH SAISON 6/4 NR 12.0Z","BEER","2.36","2.00","11.00"
"2019","3","ALLAGASH BREWING COMPANY","93324","ALLAGASH TRIPLE 6/4 NR - 12OZ","BEER","4.08","7.00","15.00"
"2019","3","ALLAGASH BREWING COMPANY","97039","ALLAGASH TRIPLE NR - 25.4OZ","BEER","0.00","0.00","7.00"
"2019","3","ALLAGASH BREWING COMPANY","62032","ALLAGASH SIXTEEN COUNTIES 1/6 KEG","KEGS","0.00","0.00","2.00"
"2019","3","ALLAGASH BREWING COMPANY","60877","ALLAGASH CURIEUX 6/4 NR","BEER","0.00","0.00","5.00"
"2019","3","ALLAGASH BREWING COMPANY","2194","ALLAGASH WHITE 1/2K","KEGS","0.00","0.00","44.00"
"2019","3","ALLAGASH BREWING COMPANY","62905","ALLAGASH PICTAVIA 6/4 NR","BEER","0.00","0.00","3.00"
"2019","3","ALLIED IMPORTERS USA LTD","341700","CANTINA GIULIANO CHN 14 - 750ML","WINE","0.00","0.00","1.00"
"2019","3","ALLIED IMPORTERS USA LTD","73675","AMERICAN BARRELS BOURBON  NV - 750ML","LIQUOR","1.16","2.00","0.00"
"2019","3","ALLIED IMPORTERS USA LTD","234598","DALTON ALMA SCARLET GSM KOS - 750ML","WINE","0.00","0.00","2.00"
"2019","3","AMERICAN BEVERAGE CORPORATION","166386","DAILY'S COCKTAIL FROSE -10 OZ","BEER","2.72","5.00","1.00"
"2019","3","AMERICAN BEVERAGE CORPORATION","166520","DAILY'S COCKTAIL PINA COLADA - 10 OZ","BEER","0.00","2.00","1.00"
"2019","3","AMERICAN BEVERAGE CORPORATION","166412","DAILY'S COCKTAIL STRAWBERRY DAIQUIRI - 10 OZ","BEER","0.00","0.00","2.00"
"2019","3","AMERICAN BEVERAGE CORPORATION","83228","DAILYS ISLAND BREEZE - 10OZ","BEER","0.64","0.00","1.00"
"2019","3","AMERICAN BEVERAGE CORPORATION","71810","DAILYS COCKTAIL STRAW/DAIQUIRE - NA - 1L","NON-ALCOHOL","7.91","0.00","0.00"
"2019","3","AMERICAN BEVERAGE CORPORATION","71799","DAILYS COCKTAIL SWEET & SOUR - NA - 1L","NON-ALCOHOL","0.73","0.00","0.00"
"2019","3","AMERICAN BEVERAGE CORPORATION","85827","DAILYS PINA COLADA - 10.0Z","BEER","0.49","0.00","0.00"
"2019","3","AMERICAN BEVERAGE CORPORATION","166387","DAILY'S COCKTAIL MARGARITA - 10 OZ","BEER","3.05","4.00","2.00"
"2019","3","AMERICAN BEVERAGE CORPORATION","85183","DAILYS HURRICANE - 10.0Z","BEER","0.53","0.00","1.00"
"2019","3","AMERICAN BEVERAGE CORPORATION","85173","DAILYS BLUE HAWAIIAN - 10.0Z","BEER","2.11","3.00","0.00"
"2019","3","AMERICAN BEVERAGE CORPORATION","85150","DAILYS BAHAMA MAMA - 10.0Z","BEER","6.21","7.00","0.00"
"2019","3","AMERICAN BEVERAGE CORPORATION","82329","DAILYS MAUI WOWIE - 10.OZ","BEER","0.45","0.00","1.00"
"2019","3","AMERICAN BEVERAGE CORPORATION","80050","DAILYS PEACH ON THE BEACH POUCH - 10OZ","BEER","4.68","9.00","0.00"
"2019","3","AMERICAN BEVERAGE MARKETERS","78624","MASTER OF MIXES BB-STRAWBERRY - 3L","NON-ALCOHOL","0.17","0.00","0.00"
"2019","3","AMERICAN BEVERAGE MARKETERS","70047","FINEST CALL PINA COLADA - 1L","NON-ALCOHOL","7.50","11.00","8.00"
"2019","3","AMERICAN BEVERAGE MARKETERS","87994","FINEST CALL MANGO PUREE - 1L","NON-ALCOHOL","9.68","14.00","3.00"
"2019","3","AMERICAN BEVERAGE MARKETERS","70717","MASTER OF MIXES PINA COLADA - 1.75L","NON-ALCOHOL","13.65","12.00","0.00"
"2019","3","AMERICAN BEVERAGE MARKETERS","70901","FINEST CALL BLOODY MARY - 1L","NON-ALCOHOL","7.08","4.00","1.00"
"2019","3","AMERICAN BEVERAGE MARKETERS","70691","MASTER OF MIXES STR/DAQ/MAR - 1.75L","NON-ALCOHOL","6.43","8.00","1.00"
"2019","3","AMERICAN BEVERAGE MARKETERS","70665","MASTER OF MIXES GRENADINE - 375ML","NON-ALCOHOL","29.01","33.00","7.00"
"2019","3","AMERICAN BEVERAGE MARKETERS","74134","MASTER OF MIXES SWEET/SOUR - 1.75L","NON-ALCOHOL","26.35","25.00","4.00"
"2019","3","AMERICAN BEVERAGE MARKETERS","70647","FINEST CALL STRAWBERRY PUREE - 1L","NON-ALCOHOL","5.03","5.00","4.00"
"2019","3","AMERICAN BEVERAGE MARKETERS","70924","MASTER OF MIXES LIME JUICE - 375ML","NON-ALCOHOL","35.53","43.00","3.00"
"2019","3","AMERICAN BEVERAGE MARKETERS","70736","MASTER OF MIXES COSMO - 1L","NON-ALCOHOL","0.49","0.00","0.00"
"2019","3","AMERICAN BEVERAGE MARKETERS","70069","FINEST CALL MARGARITA - 1L","NON-ALCOHOL","23.82","30.00","5.00"
"2019","3","AMERICAN BEVERAGE MARKETERS","70701","MASTER OF MIXES MARGARITA - 1.75L","NON-ALCOHOL","35.61","40.00","4.00"
"2019","3","AMERICAN BEVERAGE MARKETERS","70709","MASTER OF MIXES BLOODY MARY - 1.75L","NON-ALCOHOL","7.62","5.00","1.00"
"2019","3","AMERICAN BEVERAGE MARKETERS","70756","FINEST CALL SWEET & SOUR - 1L","NON-ALCOHOL","25.83","30.00","11.00"
"2019","3","AMERICAN BEVERAGE MARKETERS","70198","MASTER OF MIXES MARGARITA LITE - 1.75L","NON-ALCOHOL","9.99","14.00","1.00"
"2019","3","AMERICAN FIDELITY TRADING","101079","KSARA CUV DU PAPE CHARD - 750ML","WINE","0.00","0.00","1.00"
"2019","3","AMERICAN FIDELITY TRADING","346041","DOMAINE DES TOURELLES WHITE- 750ML","WINE","0.00","0.00","1.00"
"2019","3","AMERICAN FIDELITY TRADING","163589","KSARA RES DU COUVENT RED - 750ML","WINE","1.00","1.00","4.00"
"2019","3","AMERICAN FIDELITY TRADING","101117","KSARA CAB - 750ML","WINE","0.24","0.00","2.00"
"2019","3","AMERICAN FIDELITY TRADING","388963","KSARA SUNSET ROSE - 750ML","WINE","0.49","1.00","0.00"
"2019","3","AMERICAN FIDELITY TRADING","163740","KSARA BDB - 750ML","WINE","0.00","0.00","3.00"
"2019","3","AMERICAN FIDELITY TRADING","390968","CLOS ST THOMAS LES GOURMETS RED - 750ML","WINE","0.00","0.00","1.00"
"2019","3","AMERICAN FIDELITY TRADING","324647","CLOS ST THOMAS CH RED - 750ML","WINE","0.00","0.00","2.00"
"2019","3","AMERICAN FIDELITY TRADING","384194","KSARA BLC DE L'OBSERVATOIRE - 750ML","WINE","0.00","0.00","1.00"
"2019","3","AMERICAN FIDELITY TRADING","379816","KSARA PRIURE RED - 750ML","WINE","0.00","0.00","2.00"
"2019","3","AMERICAN FIDELITY TRADING","45898","ARAK LE BRUN - 750ML","LIQUOR","3.35","5.00","0.00"
"2019","3","AMERICAN FIDELITY TRADING","324663","DOM WARDY SYR - 750ML","WINE","0.00","0.00","1.00"
"2019","3","AMERICAN FIDELITY TRADING","324680","KSARA CUV DU PRINTEMPS - 750ML","WINE","0.33","1.00","0.00"
"2019","3","AMERICAN FIDELITY TRADING","45412","CLOS ST THOMAS LES GOURMENTS BLC - 750ML","WINE","0.00","0.00","1.00"
"2019","3","ANHEUSER BUSCH INC","28582","RITAS LEMON-ADE-RITA 15/25 CAN","BEER","1.25","2.00","128.00"
"2019","3","ANHEUSER BUSCH INC","91979","BUD 2/12 CAN - 12OZ","BEER","1.80","3.00","1,251.00"
"2019","3","ANHEUSER BUSCH INC","23511","SHOCK TOP BELGIUM WHITE 2/12-NR - 12OZ","BEER","0.00","0.00","74.00"
"2019","3","ANHEUSER BUSCH INC","92061","O'DOULS NA 4/6 CAN - 12OZ","NON-ALCOHOL","2.75","4.00","28.96"
"2019","3","ANHEUSER BUSCH INC","28372","BUD 3/8PK 16OZ CALNR - 16OZ","BEER","0.00","2.00","192.00"
"2019","3","ANHEUSER BUSCH INC","25922","RITAS STRAW-BER-RITA 8OZ 12PK CAN","BEER","10.16","7.00","132.00"
"2019","3","ANHEUSER BUSCH INC","92258","BUD 4/6 16OZ CAN - 16OZ","BEER","0.00","0.00","6.00"
"2019","3","ANHEUSER BUSCH INC","23075","LANDSHARK LAGER 4/6 NR - 12OZ","BEER","32.54","39.00","93.00"
"2019","4","ADAMBA IMPORTS INTL","42921","BAKS ZUBROWKA BISON VODKA - 750ML","LIQUOR","2.34","3.00","0.00"
"2019","4","A&E INC","336202","TENUTE RUBINO SUSUMANIELLO OLTREME 13 - 750ML","WINE","0.16","0.00","0.00"
"2019","4","A I G WINE & SPIRITS","335452","LES FONTANELLES P/NOIR - 750ML","WINE","0.00","0.00","3.00"
"2019","4","A I G WINE & SPIRITS","119229","TROCADERO SPARK(BRUT) - 750ML","WINE","0.00","0.00","3.00"
"2019","4","AIKO IMPORTERS INC","313119","CHOCALATO - 750ML","WINE","0.08","0.00","0.00"
"2019","4","ALLAGASH BREWING COMPANY","10271","ALLAGASH SAISON 6/4 NR 12.0Z","BEER","1.19","0.00","12.00"
"2019","4","ALLAGASH BREWING COMPANY","63536","ALLAGASH HIVE 56 1/6 KEG","KEGS","0.00","0.00","1.00"
"2019","4","ALLAGASH BREWING COMPANY","63646","ALLAGASH DARLING RUBY 6/4 NR","BEER","0.00","0.00","2.00"
"2019","4","ALLAGASH BREWING COMPANY","25826","ALLAGASH WHITE 1/6K","KEGS","0.00","0.00","5.00"
"2019","4","ALLAGASH BREWING COMPANY","2194","ALLAGASH WHITE 1/2K","KEGS","0.00","0.00","40.00"
"2019","4","ALLAGASH BREWING COMPANY","25092","ALLAGASH BLACK 6/4 NR - 12OZ","BEER","0.85","0.00","5.00"
"2019","4","ALLAGASH BREWING COMPANY","93324","ALLAGASH TRIPLE 6/4 NR - 12OZ","BEER","3.89","3.00","10.00"
"2019","4","ALLAGASH BREWING COMPANY","63499","ALLAGASH BARREL & BEAN 1/6 KEG","KEGS","0.00","0.00","6.00"
"2019","4","ALLAGASH BREWING COMPANY","60877","ALLAGASH CURIEUX 6/4 NR","BEER","0.00","0.00","9.00"
"2019","4","ALLAGASH BREWING COMPANY","90751","ALLAGASH WHITE 6/4 NR - 12OZ","BEER","24.57","21.00","113.00"
"2019","4","ALLAGASH BREWING COMPANY","30804","ALLAGASH CURIEUX 12/750ML NR","BEER","0.00","0.00","2.00"
"2019","4","ALLAGASH BREWING COMPANY","60023","ALLAGASH TRIPEL 1/2 KEG","KEGS","0.00","0.00","1.00"
"2019","4","ALLAGASH BREWING COMPANY","97039","ALLAGASH TRIPLE NR - 25.4OZ","BEER","0.00","0.00","5.00"
"2019","4","ALLAGASH BREWING COMPANY","63535","ALLAGASH BARREL & BEAN 6/4 NR","BEER","0.00","0.00","10.00"
"2019","4","ALLIED IMPORTERS USA LTD","73675","AMERICAN BARRELS BOURBON  NV - 750ML","LIQUOR","0.34","0.00","0.00"
"2019","4","AMERICAN BEVERAGE CORPORATION","71799","DAILYS COCKTAIL SWEET & SOUR - NA - 1L","NON-ALCOHOL","1.70","1.00","0.00"
"2019","4","AMERICAN BEVERAGE CORPORATION","85183","DAILYS HURRICANE - 10.0Z","BEER","0.44","0.00","3.00"
"2019","4","AMERICAN BEVERAGE CORPORATION","166386","DAILY'S COCKTAIL FROSE -10 OZ","BEER","3.83","3.00","2.00"
"2019","4","AMERICAN BEVERAGE CORPORATION","166412","DAILY'S COCKTAIL STRAWBERRY DAIQUIRI - 10 OZ","BEER","0.00","0.00","4.00"
"2019","4","AMERICAN BEVERAGE CORPORATION","166387","DAILY'S COCKTAIL MARGARITA - 10 OZ","BEER","3.00","4.00","4.00"
"2019","4","AMERICAN BEVERAGE CORPORATION","82329","DAILYS MAUI WOWIE - 10.OZ","BEER","1.10","1.00","3.00"
"2019","4","AMERICAN BEVERAGE CORPORATION","85150","DAILYS BAHAMA MAMA - 10.0Z","BEER","5.67","3.00","3.00"
"2019","4","AMERICAN BEVERAGE CORPORATION","80050","DAILYS PEACH ON THE BEACH POUCH - 10OZ","BEER","3.70","3.00","3.00"
"2019","4","AMERICAN BEVERAGE CORPORATION","71810","DAILYS COCKTAIL STRAW/DAIQUIRE - NA - 1L","NON-ALCOHOL","8.56","0.00","0.00"
"2019","4","AMERICAN BEVERAGE CORPORATION","166520","DAILY'S COCKTAIL PINA COLADA - 10 OZ","BEER","1.26","2.00","6.00"
"2019","4","AMERICAN BEVERAGE CORPORATION","85827","DAILYS PINA COLADA - 10.0Z","BEER","0.74","0.00","0.00"
"2019","4","AMERICAN BEVERAGE CORPORATION","83228","DAILYS ISLAND BREEZE - 10OZ","BEER","0.81","1.00","3.00"
"2019","4","AMERICAN BEVERAGE CORPORATION","85173","DAILYS BLUE HAWAIIAN - 10.0Z","BEER","2.39","2.00","1.00"
"2019","4","AMERICAN BEVERAGE MARKETERS","70717","MASTER OF MIXES PINA COLADA - 1.75L","NON-ALCOHOL","9.14","13.00","2.00"
"2019","4","AMERICAN BEVERAGE MARKETERS","70901","FINEST CALL BLOODY MARY - 1L","NON-ALCOHOL","6.63","5.00","0.00"
"2019","4","AMERICAN BEVERAGE MARKETERS","70647","FINEST CALL STRAWBERRY PUREE - 1L","NON-ALCOHOL","7.34","8.00","3.00"
"2019","4","AMERICAN BEVERAGE MARKETERS","70198","MASTER OF MIXES MARGARITA LITE - 1.75L","NON-ALCOHOL","13.67","13.00","0.00"
"2019","4","AMERICAN BEVERAGE MARKETERS","70709","MASTER OF MIXES BLOODY MARY - 1.75L","NON-ALCOHOL","8.96","9.00","0.00"
"2019","4","AMERICAN BEVERAGE MARKETERS","74134","MASTER OF MIXES SWEET/SOUR - 1.75L","NON-ALCOHOL","17.02","18.00","2.00"
"2019","4","AMERICAN BEVERAGE MARKETERS","70665","MASTER OF MIXES GRENADINE - 375ML","NON-ALCOHOL","23.88","31.00","3.00"
"2019","4","AMERICAN BEVERAGE MARKETERS","329606","FINEST CALL BLOODY MARY HABANE - 1L","NON-ALCOHOL","0.00","0.00","1.00"
"2019","4","AMERICAN BEVERAGE MARKETERS","70756","FINEST CALL SWEET & SOUR - 1L","NON-ALCOHOL","17.49","21.00","9.00"
"2019","4","AMERICAN BEVERAGE MARKETERS","87994","FINEST CALL MANGO PUREE - 1L","NON-ALCOHOL","10.54","11.00","1.00"
"2019","4","AMERICAN BEVERAGE MARKETERS","70047","FINEST CALL PINA COLADA - 1L","NON-ALCOHOL","6.74","9.00","8.00"
"2019","4","AMERICAN BEVERAGE MARKETERS","70069","FINEST CALL MARGARITA - 1L","NON-ALCOHOL","18.44","25.00","5.00"
"2019","4","AMERICAN BEVERAGE MARKETERS","70701","MASTER OF MIXES MARGARITA - 1.75L","NON-ALCOHOL","32.07","44.00","3.00"
"2019","4","AMERICAN BEVERAGE MARKETERS","70924","MASTER OF MIXES LIME JUICE - 375ML","NON-ALCOHOL","38.45","42.00","2.00"
"2019","4","AMERICAN BEVERAGE MARKETERS","70691","MASTER OF MIXES STR/DAQ/MAR - 1.75L","NON-ALCOHOL","7.61","7.00","0.00"
"2019","4","AMERICAN BEVERAGE MARKETERS","70736","MASTER OF MIXES COSMO - 1L","NON-ALCOHOL","0.32","0.00","0.00"
"2019","4","AMERICAN FIDELITY TRADING","101117","KSARA CAB - 750ML","WINE","0.73","1.00","0.00"
"2019","4","AMERICAN FIDELITY TRADING","163589","KSARA RES DU COUVENT RED - 750ML","WINE","0.00","0.00","3.00"
"2019","4","AMERICAN FIDELITY TRADING","324655","CLOS ST THOMAS CHARD - 750ML","WINE","0.00","0.00","1.00"
"2019","4","AMERICAN FIDELITY TRADING","45898","ARAK LE BRUN - 750ML","LIQUOR","3.42","3.00","0.00"
"2019","4","AMERICAN FIDELITY TRADING","163740","KSARA BDB - 750ML","WINE","0.00","0.00","1.00"
"2019","4","AMERICAN FIDELITY TRADING","388963","KSARA SUNSET ROSE - 750ML","WINE","0.49","0.00","0.00"
"2019","4","AMERICAN FIDELITY TRADING","324680","KSARA CUV DU PRINTEMPS - 750ML","WINE","0.08","0.00","0.00"
"2019","4","AMERICAN FIDELITY TRADING","324566","ARAK KSARAK - 750ML","LIQUOR","0.00","0.00","1.00"
"2019","4","ANHEUSER BUSCH INC","90867","BUD ICE 30PK CAN - 12OZ","BEER","0.00","0.00","379.00"
"2019","4","ANHEUSER BUSCH INC","25892","GOOSE ISLAND 312 URBAN WHEAT 1/2K","KEGS","0.00","0.00","2.00"
"2019","4","ANHEUSER BUSCH INC","7854","NATURAL ICE 30PK CAN - 12OZ","BEER","14.00","22.00","628.00"
"2019","4","ANHEUSER BUSCH INC","30837","KONA GOLD CLIFF 4/6 NR","BEER","0.00","0.00","11.00"
"2019","4","ANHEUSER BUSCH INC","25523","BUD LIGHT PLATINUM 2/12 NR - 12OZ","BEER","1.00","1.00","429.00"
"2019","4","ANHEUSER BUSCH INC","90573","BUSCH LT 30PK CAN - 12OZ","BEER","28.00","39.00","264.00"
"2019","4","ANHEUSER BUSCH INC","26249","RITAS STRAW-BER-RITA 15/25OZ CAN","BEER","5.07","6.00","245.67"
"2019","4","ANHEUSER BUSCH INC","26057","BUD LIGHT PLATINUM 18PK NR - 12OZ","BEER","1.00","2.00","266.00"
"2019","4","ANHEUSER BUSCH INC","51020","GOOSE ISLAND NEXT COAST IPA 1/2 KEG","KEGS","0.00","0.00","2.00"
"2019","4","ANHEUSER BUSCH INC","25625","LEFFE BRUNE 4/6NR - 11.2 OZ","BEER","40.54","36.00","135.00"
"2019","4","ANHEUSER BUSCH INC","26283","BUD LIGHT CHELADA CANS 15/CS - 25OZ","BEER","0.00","0.00","315.93"
"2019","4","ANHEUSER BUSCH INC","26165","KONA BIG WAVE GOLDEN BLONDE 1/6K","KEGS","0.00","0.00","18.00"
"2019","4","ANHEUSER BUSCH INC","26046","BUD LIGHT PLATINUM 15/22 NR","BEER","0.00","0.00","83.00"
"2019","4","ANHEUSER BUSCH INC","26293","BUD CHELADA CANS 15/CS - 25OZ","BEER","0.00","0.00","196.00"
"2019","4","ANHEUSER BUSCH INC","93815","ROLLING ROCK 2/12 LN - 12OZ","BEER","1.50","3.00","150.00"
"2019","4","ANHEUSER BUSCH INC","26305","BUD 15/25OZ CANS - 25OZ","BEER","0.00","0.00","717.60"
"2019","4","ANHEUSER BUSCH INC","26316","KONA ISLAND HOPPER VARIETY 2/12NR - 12OZ","BEER","1.50","1.00","6.00"
"2019","4","ANHEUSER BUSCH INC","51019","DEVILS BACKBONE HIBISCUS HARD LEMONADE 4/6PK 12.OZ NR","BEER","0.00","0.00","63.75"
"2019","5","ADAMBA IMPORTS INTL","42921","BAKS ZUBROWKA BISON VODKA - 750ML","LIQUOR","4.05","5.00","1.00"
"2019","5","A&E INC","336202","TENUTE RUBINO SUSUMANIELLO OLTREME 13 - 750ML","WINE","0.08","0.00","0.00"
"2019","5","A I G WINE & SPIRITS","119229","TROCADERO SPARK(BRUT) - 750ML","WINE","0.00","0.00","1.00"
"2019","5","AIKO IMPORTERS INC","313119","CHOCALATO - 750ML","WINE","0.08","0.00","0.00"
"2019","5","ALLAGASH BREWING COMPANY","97039","ALLAGASH TRIPLE NR - 25.4OZ","BEER","0.00","0.00","3.00"
"2019","5","ALLAGASH BREWING COMPANY","63535","ALLAGASH BARREL & BEAN 6/4 NR","BEER","0.00","0.00","4.00"
"2019","5","ALLAGASH BREWING COMPANY","63646","ALLAGASH DARLING RUBY 6/4 NR","BEER","0.00","0.00","15.00"
"2019","5","ALLAGASH BREWING COMPANY","90751","ALLAGASH WHITE 6/4 NR - 12OZ","BEER","33.89","30.00","128.00"
"2019","5","ALLAGASH BREWING COMPANY","93324","ALLAGASH TRIPLE 6/4 NR - 12OZ","BEER","3.89","2.00","24.00"
"2019","5","ALLAGASH BREWING COMPANY","63499","ALLAGASH BARREL & BEAN 1/6 KEG","KEGS","0.00","0.00","1.00"
"2019","5","ALLAGASH BREWING COMPANY","63647","ALLAGASH LITTLE SAL 6/375ML","BEER","0.00","0.00","7.00"
"2019","5","ALLAGASH BREWING COMPANY","10271","ALLAGASH SAISON 6/4 NR 12.0Z","BEER","1.53","0.00","17.00"
"2019","5","ALLAGASH BREWING COMPANY","60877","ALLAGASH CURIEUX 6/4 NR","BEER","0.00","0.00","6.00"
"2019","5","ALLAGASH BREWING COMPANY","25092","ALLAGASH BLACK 6/4 NR - 12OZ","BEER","0.17","0.00","14.00"
"2019","5","ALLAGASH BREWING COMPANY","63648","ALLAGASH DARLING RUBY 1/6 KEG","KEGS","0.00","0.00","3.00"
"2019","5","ALLAGASH BREWING COMPANY","2194","ALLAGASH WHITE 1/2K","KEGS","0.00","0.00","49.00"
"2019","5","ALLIED IMPORTERS USA LTD","73675","AMERICAN BARRELS BOURBON  NV - 750ML","LIQUOR","0.00","1.00","0.00"
"2019","5","ALTITUDE SPIRITS INC","70144","JUNIPER GREEN LONDON DRY GIN - 750ML","LIQUOR","0.16","0.00","0.00"
"2019","5","AMERICAN BEVERAGE CORPORATION","166412","DAILY'S COCKTAIL STRAWBERRY DAIQUIRI - 10 OZ","BEER","0.00","0.00","3.00"
"2019","5","AMERICAN BEVERAGE CORPORATION","85150","DAILYS BAHAMA MAMA - 10.0Z","BEER","2.26","0.00","0.00"
"2019","5","AMERICAN BEVERAGE CORPORATION","80050","DAILYS PEACH ON THE BEACH POUCH - 10OZ","BEER","7.64","8.00","4.00"
"2019","5","AMERICAN BEVERAGE CORPORATION","85173","DAILYS BLUE HAWAIIAN - 10.0Z","BEER","2.77","0.00","0.00"
"2019","5","AMERICAN BEVERAGE CORPORATION","85183","DAILYS HURRICANE - 10.0Z","BEER","0.90","1.00","3.00"
"2019","5","AMERICAN BEVERAGE CORPORATION","166520","DAILY'S COCKTAIL PINA COLADA - 10 OZ","BEER","1.76","7.00","2.00"
"2019","5","AMERICAN BEVERAGE CORPORATION","71810","DAILYS COCKTAIL STRAW/DAIQUIRE - NA - 1L","NON-ALCOHOL","8.87","0.00","0.00"
"2019","5","AMERICAN BEVERAGE CORPORATION","82329","DAILYS MAUI WOWIE - 10.OZ","BEER","0.97","2.00","4.00"
"2019","5","AMERICAN BEVERAGE CORPORATION","71799","DAILYS COCKTAIL SWEET & SOUR - NA - 1L","NON-ALCOHOL","1.29","3.00","1.00"
"2019","5","AMERICAN BEVERAGE CORPORATION","166386","DAILY'S COCKTAIL FROSE -10 OZ","BEER","6.32","5.00","4.00"
"2019","5","AMERICAN BEVERAGE CORPORATION","166387","DAILY'S COCKTAIL MARGARITA - 10 OZ","BEER","8.24","11.00","0.00"
"2019","5","AMERICAN BEVERAGE CORPORATION","85827","DAILYS PINA COLADA - 10.0Z","BEER","1.44","0.00","0.00"
"2019","5","AMERICAN BEVERAGE CORPORATION","83228","DAILYS ISLAND BREEZE - 10OZ","BEER","1.30","2.00","4.00"
"2019","5","AMERICAN BEVERAGE MARKETERS","70691","MASTER OF MIXES STR/DAQ/MAR - 1.75L","NON-ALCOHOL","14.72","12.00","1.00"
"2019","5","AMERICAN BEVERAGE MARKETERS","70069","FINEST CALL MARGARITA - 1L","NON-ALCOHOL","34.93","29.00","7.00"
"2019","5","AMERICAN BEVERAGE MARKETERS","70647","FINEST CALL STRAWBERRY PUREE - 1L","NON-ALCOHOL","11.31","14.00","4.00"
"2019","5","AMERICAN BEVERAGE MARKETERS","70198","MASTER OF MIXES MARGARITA LITE - 1.75L","NON-ALCOHOL","17.73","14.00","1.00"
"2019","5","AMERICAN BEVERAGE MARKETERS","70756","FINEST CALL SWEET & SOUR - 1L","NON-ALCOHOL","29.46","28.00","8.00"
"2019","5","AMERICAN BEVERAGE MARKETERS","70701","MASTER OF MIXES MARGARITA - 1.75L","NON-ALCOHOL","59.54","43.00","12.00"
"2019","5","AMERICAN BEVERAGE MARKETERS","74134","MASTER OF MIXES SWEET/SOUR - 1.75L","NON-ALCOHOL","30.49","28.00","4.00"
"2019","5","AMERICAN BEVERAGE MARKETERS","70665","MASTER OF MIXES GRENADINE - 375ML","NON-ALCOHOL","31.69","26.00","15.00"
"2019","5","AMERICAN BEVERAGE MARKETERS","70901","FINEST CALL BLOODY MARY - 1L","NON-ALCOHOL","5.70","6.00","1.00"
"2019","5","AMERICAN BEVERAGE MARKETERS","87994","FINEST CALL MANGO PUREE - 1L","NON-ALCOHOL","14.73","8.00","3.00"
"2019","5","AMERICAN BEVERAGE MARKETERS","70736","MASTER OF MIXES COSMO - 1L","NON-ALCOHOL","0.80","0.00","0.00"
"2019","5","AMERICAN BEVERAGE MARKETERS","70717","MASTER OF MIXES PINA COLADA - 1.75L","NON-ALCOHOL","14.39","11.00","6.00"
"2019","5","AMERICAN BEVERAGE MARKETERS","70924","MASTER OF MIXES LIME JUICE - 375ML","NON-ALCOHOL","49.84","40.00","5.00"
"2019","5","AMERICAN BEVERAGE MARKETERS","70709","MASTER OF MIXES BLOODY MARY - 1.75L","NON-ALCOHOL","9.15","10.00","2.00"
"2019","5","AMERICAN BEVERAGE MARKETERS","70047","FINEST CALL PINA COLADA - 1L","NON-ALCOHOL","11.51","7.00","9.00"
"2019","5","AMERICAN FIDELITY TRADING","350842","KSARA MERWAH WHITE - 750ML","WINE","0.00","0.00","1.00"
"2019","5","AMERICAN FIDELITY TRADING","45898","ARAK LE BRUN - 750ML","LIQUOR","3.15","3.00","0.00"
"2019","5","AMERICAN FIDELITY TRADING","163740","KSARA BDB - 750ML","WINE","0.00","0.00","2.00"
"2019","5","AMERICAN FIDELITY TRADING","399418","DOM WARDY CAB - 750ML","WINE","0.00","0.00","1.00"
"2019","5","AMERICAN FIDELITY TRADING","45412","CLOS ST THOMAS LES GOURMENTS BLC - 750ML","WINE","0.00","0.00","1.00"
"2019","5","AMERICAN FIDELITY TRADING","390968","CLOS ST THOMAS LES GOURMETS RED - 750ML","WINE","0.00","0.00","1.00"
"2019","5","AMERICAN FIDELITY TRADING","101117","KSARA CAB - 750ML","WINE","0.24","0.00","0.00"
"2019","5","AMERICAN FIDELITY TRADING","388963","KSARA SUNSET ROSE - 750ML","WINE","0.64","1.00","1.00"
"2019","5","AMERICAN FIDELITY TRADING","324680","KSARA CUV DU PRINTEMPS - 750ML","WINE","0.74","0.00","1.00"
"2019","5","AMERICAN FIDELITY TRADING","163589","KSARA RES DU COUVENT RED - 750ML","WINE","0.00","0.00","6.00"
"2019","5","AMERICAN FIDELITY TRADING","331528","CLOS ST THOMAS P/NOIR - 750ML","WINE","0.00","0.00","1.00"
"2019","5","AMERICAN FIDELITY TRADING","101079","KSARA CUV DU PAPE CHARD - 750ML","WINE","0.00","0.00","1.00"
"2019","5","AMERICAN FIDELITY TRADING","324647","CLOS ST THOMAS CH RED - 750ML","WINE","0.00","0.00","2.00"
"2019","5","ANHEUSER BUSCH INC","98531","BODDINGTON 1/2K","KEGS","0.00","0.00","2.00"
"2019","5","ANHEUSER BUSCH INC","50686","ESTRELLA JALISCO 12PK 24 OZ CAN","BEER","0.00","0.00","29.00"
"2019","5","ANHEUSER BUSCH INC","50685","ESTRELLA JALISCO 2/12 PK 12 OZ NR","BEER","0.00","0.00","109.00"
"2019","5","ANHEUSER BUSCH INC","50682","RITAS VARIETY 2/12PK 12OZ NR","BEER","0.00","0.00","41.00"
"2019","5","ANHEUSER BUSCH INC","50657","MICHELOB ULTRA PURE GOLD 2/12 NR - 12OZ","BEER","0.00","0.00","160.00"
"2019","5","ANHEUSER BUSCH INC","50656","STELLA ARTOIS 24/19.2OZ AL CAN","BEER","0.00","0.00","30.00"
"2019","5","ANHEUSER BUSCH INC","50655","MICHELOB ULTRA PURE GOLD 4/6 NR - 12OZ","BEER","24.00","26.00","150.00"
"2019","5","ANHEUSER BUSCH INC","23511","SHOCK TOP BELGIUM WHITE 2/12-NR - 12OZ","BEER","0.50","0.00","84.50"
"2019","5","ANHEUSER BUSCH INC","48979","GOLDEN ROAD WOLF AMONG WEEDS 4/6 CAN","BEER","9.25","7.00","17.00"
"2019","5","ANHEUSER BUSCH INC","48977","STELLA ARTOIS 18PK 11.2OZ NR","BEER","0.00","0.00","598.00"
"2019","5","ANHEUSER BUSCH INC","23364","LANDSHARK LAGER 1/6K","KEGS","0.00","0.00","12.00"
"2019","5","ANHEUSER BUSCH INC","48947","GOOSE ISLAND MATILDA 4/6 NR - 12OZ","BEER","1.00","1.00","5.00"
"2019","5","ANHEUSER BUSCH INC","48945","SHOCK TOP BELGIAN WHITE 2/15PK CAN","BEER","0.00","0.00","97.50"
"2019","5","ANHEUSER BUSCH INC","48932","GOLDEN ROAD WOLF PUP 2/15PK CAN","BEER","9.50","4.00","42.50"
"2019","5","ANHEUSER BUSCH INC","48925","GOLDEN ROAD MANGO CART 2/15PK CAN","BEER","8.50","5.00","22.00"
"2019","5","ANHEUSER BUSCH INC","23358","KONA FIREROCK 4/6 NR - 12OZ","BEER","3.25","3.00","33.00"
"2019","6","ADAMBA IMPORTS INTL","42921","BAKS ZUBROWKA BISON VODKA - 750ML","LIQUOR","5.55","8.00","0.00"
"2019","6","A&E INC","336202","TENUTE RUBINO SUSUMANIELLO OLTREME 13 - 750ML","WINE","0.17","0.00","0.00"
"2019","6","A I G WINE & SPIRITS","120200","DOM DES FONTANELLE S/BLC - 750ML","WINE","0.00","0.00","(0.25)"
"2019","6","A I G WINE & SPIRITS","119229","TROCADERO SPARK(BRUT) - 750ML","WINE","0.00","0.00","1.00"
"2019","6","AIKO IMPORTERS INC","313119","CHOCALATO - 750ML","WINE","0.08","1.00","1.00"
"2019","6","ALLAGASH BREWING COMPANY","90751","ALLAGASH WHITE 6/4 NR - 12OZ","BEER","32.07","31.00","108.83"
"2019","6","ALLAGASH BREWING COMPANY","25826","ALLAGASH WHITE 1/6K","KEGS","0.00","0.00","6.00"
"2019","6","ALLAGASH BREWING COMPANY","60876","ALLAGASH PICK YOUR OWN 1/6 KEG","KEGS","0.00","0.00","2.00"
"2019","6","ALLAGASH BREWING COMPANY","60877","ALLAGASH CURIEUX 6/4 NR","BEER","0.00","0.00","11.00"
"2019","6","ALLAGASH BREWING COMPANY","63766","ALLAGASH STRICTIVUS 1/6 KEG","KEGS","0.00","0.00","2.00"
"2019","6","ALLAGASH BREWING COMPANY","97039","ALLAGASH TRIPLE NR - 25.4OZ","BEER","0.00","0.00","4.00"
"2019","6","ALLAGASH BREWING COMPANY","63647","ALLAGASH LITTLE SAL 6/375ML","BEER","0.00","0.00","6.00"
"2019","6","ALLAGASH BREWING COMPANY","2194","ALLAGASH WHITE 1/2K","KEGS","0.00","0.00","43.00"
"2019","6","ALLAGASH BREWING COMPANY","63998","ALLAGASH RIVER TRIP 1/2 KEG","KEGS","0.00","0.00","1.00"
"2019","6","ALLAGASH BREWING COMPANY","10271","ALLAGASH SAISON 6/4 NR 12.0Z","BEER","0.46","2.00","11.00"
"2019","6","ALLAGASH BREWING COMPANY","93324","ALLAGASH TRIPLE 6/4 NR - 12OZ","BEER","3.39","1.00","19.00"
"2019","6","ALLAGASH BREWING COMPANY","63765","ALLAGASH COPAIN 1/6 KEG","KEGS","0.00","0.00","2.00"
"2019","6","ALLAGASH BREWING COMPANY","30804","ALLAGASH CURIEUX 12/750ML NR","BEER","0.00","0.00","3.00"
"2019","6","ALLAGASH BREWING COMPANY","60023","ALLAGASH TRIPEL 1/2 KEG","KEGS","0.00","0.00","2.00"
"2019","6","ALLAGASH BREWING COMPANY","60875","ALLAGASH PICK YOUR OWN 6/375ML NR","BEER","0.00","0.00","10.00"
"2019","6","ALLAGASH BREWING COMPANY","25092","ALLAGASH BLACK 6/4 NR - 12OZ","BEER","0.00","0.00","6.00"
"2019","6","ALLAGASH BREWING COMPANY","61922","ALLAGASH CONFLUENCE 1/6 KEG","KEGS","0.00","0.00","3.00"
"2019","6","ALLAGASH BREWING COMPANY","63767","ALLAGASH WANNIGAN 1/6 KEG","KEGS","0.00","0.00","2.00"
"2019","6","ALLAGASH BREWING COMPANY","63535","ALLAGASH BARREL & BEAN 6/4 NR","BEER","0.00","0.00","2.00"
"2019","6","ALLIED IMPORTERS USA LTD","73675","AMERICAN BARRELS BOURBON  NV - 750ML","LIQUOR","0.34","1.00","0.00"
"2019","6","ALTITUDE SPIRITS INC","70144","JUNIPER GREEN LONDON DRY GIN - 750ML","LIQUOR","0.24","0.00","0.00"
"2019","6","ALTITUDE SPIRITS INC","70272","PAPAGAYO ORGANIC WHITE RUM - 750ML","LIQUOR","0.08","0.00","0.00"
"2019","6","AMERICAN BEVERAGE CORPORATION","166412","DAILY'S COCKTAIL STRAWBERRY DAIQUIRI - 10 OZ","BEER","0.00","0.00","4.00"
"2019","6","AMERICAN BEVERAGE CORPORATION","166387","DAILY'S COCKTAIL MARGARITA - 10 OZ","BEER","10.45","11.00","4.00"
"2019","6","AMERICAN BEVERAGE CORPORATION","166386","DAILY'S COCKTAIL FROSE -10 OZ","BEER","7.43","11.00","2.00"
"2019","6","AMERICAN BEVERAGE CORPORATION","83228","DAILYS ISLAND BREEZE - 10OZ","BEER","2.23","5.00","6.00"
"2019","6","AMERICAN BEVERAGE CORPORATION","85827","DAILYS PINA COLADA - 10.0Z","BEER","2.81","0.00","0.00"
"2019","6","AMERICAN BEVERAGE CORPORATION","80050","DAILYS PEACH ON THE BEACH POUCH - 10OZ","BEER","10.72","10.00","5.00"
"2019","6","AMERICAN BEVERAGE CORPORATION","71810","DAILYS COCKTAIL STRAW/DAIQUIRE - NA - 1L","NON-ALCOHOL","7.52","0.00","0.00"
"2019","6","AMERICAN BEVERAGE CORPORATION","71799","DAILYS COCKTAIL SWEET & SOUR - NA - 1L","NON-ALCOHOL","1.22","1.00","0.00"
"2019","6","AMERICAN BEVERAGE CORPORATION","82329","DAILYS MAUI WOWIE - 10.OZ","BEER","2.20","4.00","5.00"
"2019","6","AMERICAN BEVERAGE CORPORATION","85173","DAILYS BLUE HAWAIIAN - 10.0Z","BEER","1.18","0.00","0.00"
"2019","6","AMERICAN BEVERAGE CORPORATION","166520","DAILY'S COCKTAIL PINA COLADA - 10 OZ","BEER","2.63","6.00","3.00"
"2019","6","AMERICAN BEVERAGE CORPORATION","85183","DAILYS HURRICANE - 10.0Z","BEER","1.04","1.00","7.00"
"2019","6","AMERICAN BEVERAGE MARKETERS","70756","FINEST CALL SWEET & SOUR - 1L","NON-ALCOHOL","23.67","21.00","9.00"
"2019","6","AMERICAN BEVERAGE MARKETERS","70198","MASTER OF MIXES MARGARITA LITE - 1.75L","NON-ALCOHOL","15.38","19.00","0.00"
"2019","6","AMERICAN BEVERAGE MARKETERS","70047","FINEST CALL PINA COLADA - 1L","NON-ALCOHOL","11.67","14.00","7.00"
"2019","6","AMERICAN BEVERAGE MARKETERS","70924","MASTER OF MIXES COCKTAIL ESS LIME JUICE - 375ML","NON-ALCOHOL","46.51","50.00","4.00"
"2019","6","AMERICAN BEVERAGE MARKETERS","70717","MASTER OF MIXES PINA COLADA - 1.75L","NON-ALCOHOL","16.04","16.00","2.00"
"2019","6","AMERICAN BEVERAGE MARKETERS","70709","MASTER OF MIXES BLOODY MARY - 1.75L","NON-ALCOHOL","9.47","6.00","1.00"
"2019","6","AMERICAN BEVERAGE MARKETERS","70647","FINEST CALL STRAWBERRY PUREE - 1L","NON-ALCOHOL","10.31","5.00","5.00"
"2019","6","AMERICAN BEVERAGE MARKETERS","70665","MASTER OF MIXES COCKTAIL ESS GRENADINE - 375ML","NON-ALCOHOL","34.61","36.00","3.00"
"2019","6","AMERICAN BEVERAGE MARKETERS","70691","MASTER OF MIXES STR/DAQ/MAR - 1.75L","NON-ALCOHOL","12.55","14.00","4.00"
"2019","6","AMERICAN BEVERAGE MARKETERS","70701","MASTER OF MIXES MARGARITA - 1.75L","NON-ALCOHOL","49.23","53.00","7.00"
"2019","6","AMERICAN BEVERAGE MARKETERS","87994","FINEST CALL MANGO PUREE - 1L","NON-ALCOHOL","11.88","15.00","3.00"
"2019","6","AMERICAN BEVERAGE MARKETERS","74134","MASTER OF MIXES SWEET/SOUR - 1.75L","NON-ALCOHOL","26.66","21.00","4.00"
"2019","6","AMERICAN BEVERAGE MARKETERS","70069","FINEST CALL MARGARITA - 1L","NON-ALCOHOL","22.55","23.00","8.00"
"2019","6","AMERICAN BEVERAGE MARKETERS","70901","FINEST CALL BLOODY MARY - 1L","NON-ALCOHOL","6.85","7.00","1.00"
"2019","6","AMERICAN BEVERAGE MARKETERS","70736","MASTER OF MIXES COSMO - 1L","NON-ALCOHOL","0.73","0.00","0.00"
"2019","6","AMERICAN FIDELITY TRADING","45412","CLOS ST THOMAS LES GOURMENTS BLC - 750ML","WINE","0.00","0.00","1.00"
"2019","6","AMERICAN FIDELITY TRADING","346049","CLOS ST THOMAS OBEIDY - 750ML","WINE","0.00","0.00","1.00"
"2019","6","AMERICAN FIDELITY TRADING","388963","KSARA SUNSET ROSE - 750ML","WINE","1.55","1.00","0.00"
"2019","6","AMERICAN FIDELITY TRADING","101117","KSARA CAB - 750ML","WINE","0.24","0.00","1.00"
"2019","6","AMERICAN FIDELITY TRADING","163589","KSARA RES DU COUVENT RED - 750ML","WINE","0.00","0.00","2.00"
"2019","6","AMERICAN FIDELITY TRADING","163740","KSARA BDB - 750ML","WINE","0.00","0.00","3.00"
"2019","6","AMERICAN FIDELITY TRADING","379816","KSARA PRIURE RED - 750ML","WINE","0.00","0.00","1.00"
"2019","6","AMERICAN FIDELITY TRADING","324680","KSARA CUV DU PRINTEMPS - 750ML","WINE","0.49","0.00","0.00"
"2019","6","AMERICAN FIDELITY TRADING","331528","CLOS ST THOMAS P/NOIR - 750ML","WINE","0.00","0.00","1.00"
"2019","6","AMERICAN FIDELITY TRADING","45898","ARAK LE BRUN - 750ML","LIQUOR","3.63","1.00","0.00"
"2019","6","AMERICAN FIDELITY TRADING","390968","CLOS ST THOMAS LES GOURMETS RED - 750ML","WINE","0.00","0.00","1.00"
"2019","6","AMERICAN FIDELITY TRADING","324647","CLOS ST THOMAS CH RED - 750ML","WINE","0.00","0.00","2.00"
"2019","6","AMERICAN FIDELITY TRADING","324566","ARAK KSARAK - 750ML","LIQUOR","0.00","0.00","1.00"
"2019","6","ANHEUSER BUSCH INC","51031","VIRTUE MICHIGAN APPLE CIDER 4/6PK 12OZ CAN","BEER","0.00","0.00","16.00"
"2019","6","ANHEUSER BUSCH INC","23511","SHOCK TOP BELGIUM WHITE 2/12-NR - 12OZ","BEER","0.00","2.00","83.00"
"2019","6","ANHEUSER BUSCH INC","28758","KONA BIG WAVE GOLDEN ALE 1/2 KEG","KEGS","0.00","0.00","24.00"
"2019","6","ANHEUSER BUSCH INC","205","EMPTY 1/6 KEG (30.00)","DUNNAGE","0.00","0.00","(959.00)"
"2019","6","ANHEUSER BUSCH INC","51021","DEVILS BACKBONE GOLD LEAF LAGER 1/2 KEG","KEGS","0.00","0.00","2.00"
"2019","6","ANHEUSER BUSCH INC","51020","GOOSE ISLAND NEXT COAST IPA 1/2 KEG","KEGS","0.00","0.00","3.00"
"2019","6","ANHEUSER BUSCH INC","51019","DEVILS BACKBONE HIBISCUS HARD LEMONADE 4/6PK 12.OZ NR","BEER","9.00","6.00","45.00"
"2019","6","ANHEUSER BUSCH INC","51018","VIRTUE ROSE CIDER 4/6PK 12OZ CAN","BEER","0.00","0.00","23.00"
"2019","7","ADAMBA IMPORTS INTL","42921","BAKS ZUBROWKA BISON VODKA - 750ML","LIQUOR","4.37","0.83","0.00"
"2019","7","A I G WINE & SPIRITS","119229","TROCADERO SPARK(BRUT) - 750ML","WINE","0.00","0.00","1.00"
"2019","7","A I G WINE & SPIRITS","120200","DOM DES FONTANELLE S/BLC - 750ML","WINE","0.00","1.00","(10.75)"
"2019","7","AIKO IMPORTERS INC","313119","CHOCALATO - 750ML","WINE","0.41","0.00","0.00"
"2019","7","ALLAGASH BREWING COMPANY","60875","ALLAGASH PICK YOUR OWN 6/375ML NR","BEER","0.00","0.00","4.00"
"2019","7","ALLAGASH BREWING COMPANY","93324","ALLAGASH TRIPLE 6/4 NR - 12OZ","BEER","0.85","2.00","19.00"
"2019","7","ALLAGASH BREWING COMPANY","62904","ALLAGASH COOLSHIP RESURGAM 375ML","BEER","0.00","0.00","2.00"
"2019","7","ALLAGASH BREWING COMPANY","30804","ALLAGASH CURIEUX 12/750ML NR","BEER","0.00","0.00","4.00"
"2019","7","ALLAGASH BREWING COMPANY","2194","ALLAGASH WHITE 1/2K","KEGS","0.00","0.00","46.00"
"2019","7","ALLAGASH BREWING COMPANY","63766","ALLAGASH STRICTIVUS 1/6 KEG","KEGS","0.00","0.00","0.00"
"2019","7","ALLAGASH BREWING COMPANY","25826","ALLAGASH WHITE 1/6K","KEGS","0.00","0.00","5.00"
"2019","7","ALLAGASH BREWING COMPANY","63964","ALLAGASH TINY HOUSE 1/6 KEG","KEGS","0.00","0.00","3.00"
"2019","7","ALLAGASH BREWING COMPANY","62032","ALLAGASH SIXTEEN COUNTIES 1/6 KEG","KEGS","0.00","0.00","3.00"
"2019","7","ALLAGASH BREWING COMPANY","25092","ALLAGASH BLACK 6/4 NR - 12OZ","BEER","0.00","0.00","8.00"
"2019","7","ALLAGASH BREWING COMPANY","90751","ALLAGASH WHITE 6/4 NR - 12OZ","BEER","24.11","29.00","110.00"
"2019","7","ALLAGASH BREWING COMPANY","63998","ALLAGASH RIVER TRIP 1/2 KEG","KEGS","0.00","0.00","1.00"
"2019","7","ALLAGASH BREWING COMPANY","10271","ALLAGASH SAISON 6/4 NR 12.0Z","BEER","1.73","1.00","7.00"
"2019","7","ALLAGASH BREWING COMPANY","60877","ALLAGASH CURIEUX 6/4 NR","BEER","0.00","0.00","14.00"
"2019","7","ALLAGASH BREWING COMPANY","97039","ALLAGASH TRIPLE NR - 25.4OZ","BEER","0.00","0.00","4.00"
"2019","7","ALLAGASH BREWING COMPANY","60876","ALLAGASH PICK YOUR OWN 1/6 KEG","KEGS","0.00","0.00","1.00"
"2019","7","ALLAGASH BREWING COMPANY","60585","ALLAGASH BELFIUS 6/12.7OZ NR","BEER","0.00","0.00","5.00"
"2019","7","ALLAGASH BREWING COMPANY","63535","ALLAGASH BARREL & BEAN 6/4 NR","BEER","0.00","0.00","6.00"
"2019","7","ALLIED IMPORTERS USA LTD","73675","AMERICAN BARRELS BOURBON  NV - 750ML","LIQUOR","0.51","0.00","0.00"
"2019","7","AMERICAN BEVERAGE CORPORATION","85827","DAILYS PINA COLADA - 10.0Z","BEER","0.78","0.00","0.00"
"2019","7","AMERICAN BEVERAGE CORPORATION","85173","DAILYS BLUE HAWAIIAN - 10.0Z","BEER","0.32","0.00","0.00"
"2019","7","AMERICAN BEVERAGE CORPORATION","85183","DAILYS HURRICANE - 10.0Z","BEER","1.75","2.00","0.00"
"2019","7","AMERICAN BEVERAGE CORPORATION","82329","DAILYS MAUI WOWIE - 10.OZ","BEER","2.92","4.00","6.00"
"2019","7","AMERICAN BEVERAGE CORPORATION","166386","DAILY'S COCKTAIL FROSE -10 OZ","WINE","8.81","9.00","6.00"
"2019","7","AMERICAN BEVERAGE CORPORATION","166387","DAILY'S COCKTAIL MARGARITA - 10 OZ","BEER","10.78","11.00","5.00"
"2019","7","AMERICAN BEVERAGE CORPORATION","166412","DAILY'S COCKTAIL STRAWBERRY DAIQUIRI - 10 OZ","BEER","0.00","0.00","8.00"
"2019","7","AMERICAN BEVERAGE CORPORATION","71810","DAILYS COCKTAIL STRAW/DAIQUIRE - NA - 1L","NON-ALCOHOL","6.61","0.00","0.00"
"2019","7","AMERICAN BEVERAGE CORPORATION","71799","DAILYS COCKTAIL SWEET & SOUR - NA - 1L","NON-ALCOHOL","1.13","1.00","1.00"
"2019","7","AMERICAN BEVERAGE CORPORATION","166520","DAILY'S COCKTAIL PINA COLADA - 10 OZ","BEER","2.61","1.00","2.00"
"2019","7","AMERICAN BEVERAGE CORPORATION","83228","DAILYS ISLAND BREEZE - 10OZ","WINE","2.71","4.00","6.00"
"2019","7","AMERICAN BEVERAGE CORPORATION","80050","DAILYS PEACH ON THE BEACH POUCH - 10OZ","BEER","9.10","7.00","2.00"
"2019","7","AMERICAN BEVERAGE MARKETERS","166661","MASTER OF MIXES COCKTAIL ESSENTIALS SIMPLE SYRUP-NA","NON-ALCOHOL","0.80","26.00","0.00"
"2019","7","AMERICAN BEVERAGE MARKETERS","70756","FINEST CALL SWEET & SOUR - 1L","NON-ALCOHOL","24.90","25.00","8.00"
"2019","7","AMERICAN BEVERAGE MARKETERS","70924","MASTER OF MIXES COCKTAIL ESS LIME JUICE - 375ML","NON-ALCOHOL","45.92","50.00","5.00"
"2019","7","AMERICAN BEVERAGE MARKETERS","166662","AGALIMA SWEET & SOUR MIX - 1L","NON-ALCOHOL","0.34","25.67","0.00"
"2019","7","AMERICAN BEVERAGE MARKETERS","70736","MASTER OF MIXES COSMO - 1L","NON-ALCOHOL","0.08","0.00","0.00"
"2019","7","AMERICAN BEVERAGE MARKETERS","74134","MASTER OF MIXES SWEET/SOUR - 1.75L","NON-ALCOHOL","28.18","37.00","4.00"
"2019","7","AMERICAN BEVERAGE MARKETERS","70901","FINEST CALL BLOODY MARY - 1L","NON-ALCOHOL","5.97","9.00","1.00"
"2019","7","AMERICAN BEVERAGE MARKETERS","70665","MASTER OF MIXES COCKTAIL ESS GRENADINE - 375ML","NON-ALCOHOL","31.29","34.00","6.00"
"2019","7","AMERICAN BEVERAGE MARKETERS","70674","MASTER OF MIXES BB MARG - 3L","NON-ALCOHOL","0.34","2.00","0.00"
"2019","7","AMERICAN BEVERAGE MARKETERS","70701","MASTER OF MIXES MARGARITA - 1.75L","NON-ALCOHOL","45.43","49.00","5.00"
"2019","7","AMERICAN BEVERAGE MARKETERS","70047","FINEST CALL PINA COLADA - 1L","NON-ALCOHOL","15.96","17.00","7.00"
"2019","7","AMERICAN BEVERAGE MARKETERS","166663","AGALIMA MARGARITA MIX - 1L","NON-ALCOHOL","1.69","26.00","0.00"
"2019","7","AMERICAN BEVERAGE MARKETERS","70709","MASTER OF MIXES BLOODY MARY - 1.75L","NON-ALCOHOL","8.81","10.00","2.00"
"2019","7","AMERICAN BEVERAGE MARKETERS","70691","MASTER OF MIXES STR/DAQ/MAR - 1.75L","NON-ALCOHOL","12.17","13.00","2.00"
"2019","7","AMERICAN BEVERAGE MARKETERS","87994","FINEST CALL MANGO PUREE - 1L","NON-ALCOHOL","13.15","14.00","2.00"
"2019","7","AMERICAN BEVERAGE MARKETERS","70069","FINEST CALL MARGARITA - 1L","NON-ALCOHOL","23.38","24.00","10.00"
"2019","7","AMERICAN BEVERAGE MARKETERS","70647","FINEST CALL STRAWBERRY PUREE - 1L","NON-ALCOHOL","13.32","19.00","4.00"
"2019","7","AMERICAN BEVERAGE MARKETERS","329606","FINEST CALL BLOODY MARY HABANE - 1L","NON-ALCOHOL","0.00","2.00","0.00"
"2019","7","AMERICAN BEVERAGE MARKETERS","70198","MASTER OF MIXES MARGARITA LITE - 1.75L","NON-ALCOHOL","16.90","16.00","1.00"
"2019","7","AMERICAN BEVERAGE MARKETERS","70717","MASTER OF MIXES PINA COLADA - 1.75L","NON-ALCOHOL","23.75","26.00","2.00"
"2019","7","AMERICAN FIDELITY TRADING","324671","DOM WARDY S/BLC - 750ML","WINE","0.00","0.00","1.00"
"2019","7","AMERICAN FIDELITY TRADING","350842","KSARA MERWAH WHITE - 750ML","WINE","0.00","0.00","2.00"
"2019","7","AMERICAN FIDELITY TRADING","101079","KSARA CUV DU PAPE CHARD - 750ML","WINE","0.00","0.00","1.00"
"2019","7","AMERICAN FIDELITY TRADING","45898","ARAK LE BRUN - 750ML","LIQUOR","4.05","5.00","0.00"
"2019","7","AMERICAN FIDELITY TRADING","379816","KSARA PRIURE RED - 750ML","WINE","0.00","0.00","1.00"
"2019","7","AMERICAN FIDELITY TRADING","331528","CLOS ST THOMAS P/NOIR - 750ML","WINE","0.00","0.00","1.00"
"2019","7","AMERICAN FIDELITY TRADING","388963","KSARA SUNSET ROSE - 750ML","WINE","0.90","1.00","2.00"
"2019","7","AMERICAN FIDELITY TRADING","163589","KSARA RES DU COUVENT RED - 750ML","WINE","0.00","0.00","4.00"
"2019","7","AMERICAN FIDELITY TRADING","324680","KSARA CUV DU PRINTEMPS - 750ML","WINE","0.24","0.00","0.00"
"2019","7","AMERICAN FIDELITY TRADING","390968","CLOS ST THOMAS LES GOURMETS RED - 750ML","WINE","0.00","0.00","1.00"
"2019","7","AMERICAN FIDELITY TRADING","101117","KSARA CAB - 750ML","WINE","0.08","0.00","0.00"
"2019","7","AMERICAN FIDELITY TRADING","163740","KSARA BDB - 750ML","WINE","0.00","0.00","2.00"
"2019","7","AMERICAN FIDELITY TRADING","45412","CLOS ST THOMAS LES GOURMENTS BLC - 750ML","WINE","0.00","0.00","1.00"
"2019","7","ANHEUSER BUSCH INC","94153","HURRICANE-40 OZ NR (12/CASE) - 40OZ","BEER","0.00","0.00","35.00"
"2019","7","ANHEUSER BUSCH INC","28414","BLUE POINT HOPTICAL ILLUSION 4/6NR - 12OZ","BEER","4.25","3.00","26.00"
"2019","7","ANHEUSER BUSCH INC","28425","BLUE POINT SUMMER ALE 4/6NR - 12OZ","BEER","3.75","3.00","21.00"
"2019","7","ANHEUSER BUSCH INC","28434","RITAS MANGO-O-RITA 8OZ 12PK CAN","BEER","13.16","15.00","190.00"
"2019","7","ANHEUSER BUSCH INC","28438","BLUE POINT TOASTED LAGER - 1/2K","KEGS","0.00","0.00","22.00"
"2019","7","ANHEUSER BUSCH INC","51060","RITAS CHERRY-LIMEADE-RITA 15/25OZ CAN","BEER","0.82","0.00","115.87"
"2019","7","ANHEUSER BUSCH INC","51077","RITAS SPRITZ VARIETY 2/12PK 12OZ CAN","BEER","30.08","33.00","140.00"
"2019","8","ADAMBA IMPORTS INTL","42921","BAKS ZUBROWKA BISON VODKA - 750ML","LIQUOR","2.03","8.00","0.00"
"2019","8","A I G WINE & SPIRITS","119229","TROCADERO SPARK(BRUT) - 750ML","WINE","0.00","0.00","2.00"
"2019","8","A I G WINE & SPIRITS","120200","DOM DES FONTANELLE S/BLC - 750ML","WINE","0.33","0.00","0.00"
"2019","8","AIKO IMPORTERS INC","313119","CHOCALATO - 750ML","WINE","0.65","0.00","0.00"
"2019","8","ALLAGASH BREWING COMPANY","2194","ALLAGASH WHITE 1/2K","KEGS","0.00","0.00","39.00"
"2019","8","ALLAGASH BREWING COMPANY","25826","ALLAGASH WHITE 1/6K","KEGS","0.00","0.00","4.00"
"2019","8","ALLAGASH BREWING COMPANY","10271","ALLAGASH SAISON 6/4 NR 12.0Z","BEER","1.35","0.00","21.00"
"2019","8","ALLAGASH BREWING COMPANY","64736","ALLAGASH BARREL & BEAN 1/2 KEG","KEGS","0.00","0.00","2.00"
"2019","8","ALLAGASH BREWING COMPANY","97039","ALLAGASH TRIPLE NR - 25.4OZ","BEER","0.00","0.00","6.00"
"2019","8","ALLAGASH BREWING COMPANY","64313","ALLAGASH HEARTSET 1/6 KEG","KEGS","0.00","0.00","8.00"
"2019","8","ALLAGASH BREWING COMPANY","60023","ALLAGASH TRIPEL 1/2 KEG","KEGS","0.00","0.00","1.00"
"2019","8","ALLAGASH BREWING COMPANY","64216","ALLAGASH FOUR WINDS ROAD 1/6 KEG","KEGS","0.00","0.00","2.00"
"2019","8","ALLAGASH BREWING COMPANY","90751","ALLAGASH WHITE 6/4 NR - 12OZ","BEER","19.42","17.00","110.00"
"2019","8","ALLAGASH BREWING COMPANY","30804","ALLAGASH CURIEUX 12/750ML NR","BEER","0.00","0.00","1.00"
"2019","8","ALLAGASH BREWING COMPANY","61037","ALLAGASH TWO LIGHTS 1/6 KEG","KEGS","0.00","0.00","3.00"
"2019","8","ALLAGASH BREWING COMPANY","93324","ALLAGASH TRIPLE 6/4 NR - 12OZ","BEER","2.21","1.00","13.00"
"2019","8","ALLAGASH BREWING COMPANY","60875","ALLAGASH PICK YOUR OWN 6/375ML NR","BEER","0.00","0.00","2.00"
"2019","8","ALLAGASH BREWING COMPANY","61038","ALLAGASH TWO LIGHTS 6/4 NR","BEER","0.00","0.00","18.00"
"2019","8","ALLAGASH BREWING COMPANY","60877","ALLAGASH CURIEUX 6/4 NR","BEER","0.00","0.00","3.00"
"2019","8","ALLAGASH BREWING COMPANY","25092","ALLAGASH BLACK 6/4 NR - 12OZ","BEER","0.00","0.00","4.00"
"2019","8","ALLAGASH BREWING COMPANY","63535","ALLAGASH BARREL & BEAN 6/4 NR","BEER","0.00","0.00","3.00"
"2019","8","ALLIED IMPORTERS USA LTD","73675","AMERICAN BARRELS BOURBON  NV - 750ML","LIQUOR","0.34","0.00","0.00"
"2019","8","AMERICAN BEVERAGE CORPORATION","85183","DAILYS HURRICANE - 10.0Z","BEER","0.44","0.00","0.00"
"2019","8","AMERICAN BEVERAGE CORPORATION","166386","DAILY'S COCKTAIL FROSE -10 OZ","WINE","7.48","3.00","5.00"
"2019","8","AMERICAN BEVERAGE CORPORATION","71810","DAILYS COCKTAIL STRAW/DAIQUIRE - NA - 1L","NON-ALCOHOL","4.68","1.00","0.00"
"2019","8","AMERICAN BEVERAGE CORPORATION","71799","DAILYS COCKTAIL SWEET & SOUR - NA - 1L","NON-ALCOHOL","0.65","2.00","0.00"
"2019","8","AMERICAN BEVERAGE CORPORATION","166387","DAILY'S COCKTAIL MARGARITA - 10 OZ","BEER","7.34","0.00","0.00"
"2019","8","AMERICAN BEVERAGE CORPORATION","166412","DAILY'S COCKTAIL STRAWBERRY DAIQUIRI - 10 OZ","BEER","0.00","0.00","1.00"
"2019","8","AMERICAN BEVERAGE CORPORATION","83228","DAILYS ISLAND BREEZE - 10OZ","WINE","7.51","8.00","6.00"
"2019","8","AMERICAN BEVERAGE CORPORATION","80050","DAILYS PEACH ON THE BEACH POUCH - 10OZ","BEER","2.78","0.00","0.00"
"2019","8","AMERICAN BEVERAGE CORPORATION","82329","DAILYS MAUI WOWIE - 10.OZ","BEER","2.34","2.00","3.00"
"2019","8","AMERICAN BEVERAGE CORPORATION","85827","DAILYS PINA COLADA - 10.0Z","BEER","0.66","0.00","0.00"
"2019","8","AMERICAN BEVERAGE CORPORATION","166520","DAILY'S COCKTAIL PINA COLADA - 10 OZ","BEER","0.74","0.00","0.00"
"2019","8","AMERICAN BEVERAGE MARKETERS","70736","MASTER OF MIXES COSMO - 1L","NON-ALCOHOL","0.32","0.00","0.00"
"2019","8","AMERICAN BEVERAGE MARKETERS","70709","MASTER OF MIXES BLOODY MARY - 1.75L","NON-ALCOHOL","11.48","11.00","1.00"
"2019","8","AMERICAN BEVERAGE MARKETERS","70069","FINEST CALL MARGARITA - 1L","NON-ALCOHOL","25.99","24.00","3.00"
"2019","8","AMERICAN BEVERAGE MARKETERS","70701","MASTER OF MIXES MARGARITA - 1.75L","NON-ALCOHOL","34.37","28.00","8.00"
"2019","8","AMERICAN BEVERAGE MARKETERS","70198","MASTER OF MIXES MARGARITA LITE - 1.75L","NON-ALCOHOL","13.87","10.00","0.00"
"2019","8","AMERICAN BEVERAGE MARKETERS","166663","AGALIMA MARGARITA MIX - 1L","NON-ALCOHOL","26.37","20.00","0.00"
"2019","8","AMERICAN BEVERAGE MARKETERS","70665","MASTER OF MIXES COCKTAIL ESS GRENADINE - 375ML","NON-ALCOHOL","28.82","29.00","1.00"
"2019","8","AMERICAN BEVERAGE MARKETERS","70924","MASTER OF MIXES COCKTAIL ESS LIME JUICE - 375ML","NON-ALCOHOL","45.46","34.00","0.00"
"2019","8","AMERICAN BEVERAGE MARKETERS","70647","FINEST CALL STRAWBERRY PUREE - 1L","NON-ALCOHOL","12.16","8.00","4.00"
"2019","8","AMERICAN BEVERAGE MARKETERS","70674","MASTER OF MIXES BB MARG - 3L","NON-ALCOHOL","0.17","0.00","0.00"
"2019","8","AMERICAN BEVERAGE MARKETERS","74134","MASTER OF MIXES SWEET/SOUR - 1.75L","NON-ALCOHOL","22.62","18.00","2.00"
"2019","8","AMERICAN BEVERAGE MARKETERS","329606","FINEST CALL BLOODY MARY HABANE - 1L","NON-ALCOHOL","0.24","0.00","0.00"
"2019","8","AMERICAN BEVERAGE MARKETERS","87994","FINEST CALL MANGO PUREE - 1L","NON-ALCOHOL","13.50","15.00","1.00"
"2019","8","AMERICAN BEVERAGE MARKETERS","70901","FINEST CALL BLOODY MARY - 1L","NON-ALCOHOL","4.88","3.00","1.00"
"2019","8","AMERICAN BEVERAGE MARKETERS","166662","AGALIMA SWEET & SOUR MIX - 1L","NON-ALCOHOL","9.15","7.00","0.00"
"2019","8","AMERICAN BEVERAGE MARKETERS","166661","MASTER OF MIXES COCKTAIL ESSENTIALS SIMPLE SYRUP-NA","NON-ALCOHOL","22.05","17.00","0.00"
"2019","8","AMERICAN BEVERAGE MARKETERS","70756","FINEST CALL SWEET & SOUR - 1L","NON-ALCOHOL","26.06","28.00","10.00"
"2019","8","AMERICAN BEVERAGE MARKETERS","70717","MASTER OF MIXES PINA COLADA - 1.75L","NON-ALCOHOL","17.38","16.00","4.00"
"2019","8","AMERICAN BEVERAGE MARKETERS","70691","MASTER OF MIXES STR/DAQ/MAR - 1.75L","NON-ALCOHOL","9.79","12.00","2.00"
"2019","8","AMERICAN BEVERAGE MARKETERS","70047","FINEST CALL PINA COLADA - 1L","NON-ALCOHOL","12.07","11.00","6.00"
"2019","8","AMERICAN FIDELITY TRADING","101117","KSARA CAB - 750ML","WINE","0.08","0.00","0.00"
"2019","8","AMERICAN FIDELITY TRADING","45898","ARAK LE BRUN - 750ML","LIQUOR","2.54","3.00","0.00"
"2019","8","AMERICAN FIDELITY TRADING","388963","KSARA SUNSET ROSE - 750ML","WINE","0.73","1.00","1.00"
"2019","8","AMERICAN FIDELITY TRADING","45412","CLOS ST THOMAS LES GOURMENTS BLC - 750ML","WINE","0.00","0.00","4.00"
"2019","8","AMERICAN FIDELITY TRADING","390968","CLOS ST THOMAS LES GOURMETS RED - 750ML","WINE","0.00","0.00","3.00"
"2019","8","AMERICAN FIDELITY TRADING","163740","KSARA BDB - 750ML","WINE","0.00","0.00","6.00"
"2019","8","AMERICAN FIDELITY TRADING","384194","KSARA BLC DE L'OBSERVATOIRE - 750ML","WINE","0.00","0.00","1.00"
"2019","8","AMERICAN FIDELITY TRADING","379816","KSARA PRIURE RED - 750ML","WINE","0.00","0.00","3.00"
"2019","8","AMERICAN FIDELITY TRADING","324680","KSARA CUV DU PRINTEMPS - 750ML","WINE","0.41","0.00","0.00"
"2019","8","ANHEUSER BUSCH INC","30802","ELYSIAN SPACE DUST 1/2 KEG","KEGS","0.00","0.00","12.00"
"2019","8","ANHEUSER BUSCH INC","50685","ESTRELLA JALISCO 2/12 PK 12 OZ NR","BEER","0.00","0.00","78.00"
"2019","8","ANHEUSER BUSCH INC","50686","ESTRELLA JALISCO 12PK 24 OZ CAN","BEER","0.00","0.00","21.00"
"2019","8","ANHEUSER BUSCH INC","28622","RITAS WATER-MELON-RITA 8OZ 2/12 CN","BEER","5.00","6.00","87.00"
"2019","8","ANHEUSER BUSCH INC","28624","STELLA CIDRE 1/2 KEG","KEGS","0.00","0.00","3.00"
"2019","8","ANHEUSER BUSCH INC","97667","BECKS 2/12 NR - 12OZ","BEER","97.82","105.00","496.00"
"2019","8","ANHEUSER BUSCH INC","7307","STELLA ARTOIS 1/2K","KEGS","0.00","0.00","448.00"
"2019","8","ANHEUSER BUSCH INC","50690","ESTRELLA JALISCO 4/6PK 12 OZ NR","BEER","1.50","3.00","62.00"
"2019","8","ANHEUSER BUSCH INC","28592","RITAS WATER-MELON-RITA 15/25OZ CN","BEER","0.00","0.00","135.73"
"2019","8","ANHEUSER BUSCH INC","97586","BUD LIGHT 24/12 PREPRINT LSE NR","BEER","219.00","222.00","752.96"
"2019","8","ANHEUSER BUSCH INC","97578","BUD 24/12 PREPRINT LSE NR","BEER","121.00","138.00","318.96"
"2019","8","ANHEUSER BUSCH INC","50697","BUD LIGHT ORANGE 15PK 25OZ CAN","BEER","0.00","0.00","16.93"
"2019","8","ANHEUSER BUSCH INC","50698","BUD LIGHT ORANGE 4/6PK 12OZ NR","BEER","0.00","0.00","65.00"
"2019","9","ADAMBA IMPORTS INTL","42921","BAKS ZUBROWKA BISON VODKA - 750ML","LIQUOR","2.38","4.00","0.00"
"2019","9","A I G WINE & SPIRITS","120200","DOM DES FONTANELLE S/BLC - 750ML","WINE","0.66","0.00","0.00"
"2019","9","ALLAGASH BREWING COMPANY","25092","ALLAGASH BLACK 6/4 NR - 12OZ","BEER","0.17","1.00","8.00"
"2019","9","ALLAGASH BREWING COMPANY","25826","ALLAGASH WHITE 1/6K","KEGS","0.00","0.00","6.00"
"2019","9","ALLAGASH BREWING COMPANY","93324","ALLAGASH TRIPLE 6/4 NR - 12OZ","BEER","1.99","1.00","15.00"
"2019","9","ALLAGASH BREWING COMPANY","97039","ALLAGASH TRIPLE NR - 25.4OZ","BEER","0.00","0.00","2.00"
"2019","9","ALLAGASH BREWING COMPANY","63766","ALLAGASH STRICTIVUS 1/6 KEG","KEGS","0.00","0.00","1.00"
"2019","9","ALLAGASH BREWING COMPANY","2194","ALLAGASH WHITE 1/2K","KEGS","0.00","0.00","35.00"
"2019","9","ALLAGASH BREWING COMPANY","63535","ALLAGASH BARREL & BEAN 6/4 NR","BEER","0.00","0.00","3.00"
"2019","9","ALLAGASH BREWING COMPANY","68465","ALLAGASH CULTIVE 1/6 KEG","KEGS","0.00","0.00","1.00"
"2019","9","ALLAGASH BREWING COMPANY","12151","ALLAGASH CURIEUX 1/2K","KEGS","0.00","0.00","1.00"
"2019","9","ALLAGASH BREWING COMPANY","64736","ALLAGASH BARREL & BEAN 1/2 KEG","KEGS","0.00","0.00","1.00"
"2019","9","ALLAGASH BREWING COMPANY","10271","ALLAGASH SAISON 6/4 NR 12.0Z","BEER","0.00","0.00","14.00"
"2019","9","ALLAGASH BREWING COMPANY","60877","ALLAGASH CURIEUX 6/4 NR","BEER","0.00","0.00","8.00"
"2019","9","ALLAGASH BREWING COMPANY","30804","ALLAGASH CURIEUX 12/750ML NR","BEER","0.00","0.00","2.00"
"2019","9","ALLAGASH BREWING COMPANY","68448","ALLAGASH NANCY 6/375ML","BEER","0.00","0.00","13.00"
"2019","9","ALLAGASH BREWING COMPANY","90751","ALLAGASH WHITE 6/4 NR - 12OZ","BEER","20.78","19.00","93.83"
"2019","9","ALLIED IMPORTERS USA LTD","73675","AMERICAN BARRELS BOURBON  NV - 750ML","LIQUOR","0.17","0.00","0.00"
"2019","9","ALLIED IMPORTERS USA LTD","232694","CH DE COR BUGEAUD BORD KOS - 750ML","WINE","0.00","0.00","1.00"
"2019","9","AMERICAN BEVERAGE CORPORATION","166412","DAILY'S COCKTAIL STRAWBERRY DAIQUIRI - 10 OZ","WINE","0.00","0.00","5.00"
"2019","9","AMERICAN BEVERAGE CORPORATION","71810","DAILYS COCKTAIL STRAW/DAIQUIRE - NA - 1L","NON-ALCOHOL","1.55","1.00","0.00"
"2019","9","AMERICAN BEVERAGE CORPORATION","83228","DAILYS ISLAND BREEZE - 10OZ","WINE","6.50","7.00","2.00"
"2019","9","AMERICAN BEVERAGE CORPORATION","166387","DAILY'S COCKTAIL MARGARITA - 10 OZ","WINE","0.82","0.00","0.00"
"2019","9","AMERICAN BEVERAGE CORPORATION","82329","DAILYS MAUI WOWIE - 10.OZ","WINE","2.93","0.00","0.00"
"2019","9","AMERICAN BEVERAGE CORPORATION","71799","DAILYS COCKTAIL SWEET & SOUR - NA - 1L","NON-ALCOHOL","0.24","0.00","0.00"
"2019","9","AMERICAN BEVERAGE CORPORATION","166386","DAILY'S COCKTAIL FROSE -10 OZ","WINE","2.51","1.00","0.00"
"2019","9","AMERICAN BEVERAGE CORPORATION","80050","DAILYS PEACH ON THE BEACH POUCH - 10OZ","WINE","0.41","0.00","0.00"
"2019","9","AMERICAN BEVERAGE MARKETERS","70736","MASTER OF MIXES COSMO - 1L","NON-ALCOHOL","0.08","0.00","0.00"
"2019","9","AMERICAN BEVERAGE MARKETERS","70924","MASTER OF MIXES COCKTAIL ESS LIME JUICE - 375ML","NON-ALCOHOL","39.20","40.00","1.00"
"2019","9","AMERICAN BEVERAGE MARKETERS","70701","MASTER OF MIXES MARGARITA - 1.75L","NON-ALCOHOL","25.88","21.00","6.00"
"2019","9","AMERICAN BEVERAGE MARKETERS","70756","FINEST CALL SWEET & SOUR - 1L","NON-ALCOHOL","23.32","20.00","8.00"
"2019","9","AMERICAN BEVERAGE MARKETERS","70665","MASTER OF MIXES COCKTAIL ESS GRENADINE - 375ML","NON-ALCOHOL","25.13","25.00","6.00"
"2019","9","AMERICAN BEVERAGE MARKETERS","70709","MASTER OF MIXES BLOODY MARY - 1.75L","NON-ALCOHOL","8.29","4.00","0.00"
"2019","9","AMERICAN BEVERAGE MARKETERS","70674","MASTER OF MIXES BB MARG - 3L","NON-ALCOHOL","0.85","0.00","0.00"
"2019","9","AMERICAN BEVERAGE MARKETERS","70717","MASTER OF MIXES PINA COLADA - 1.75L","NON-ALCOHOL","10.50","8.00","1.00"
"2019","9","AMERICAN BEVERAGE MARKETERS","70198","MASTER OF MIXES MARGARITA LITE - 1.75L","NON-ALCOHOL","11.13","11.00","0.00"
"2019","9","AMERICAN BEVERAGE MARKETERS","87994","FINEST CALL MANGO PUREE - 1L","NON-ALCOHOL","6.59","9.00","3.00"
"2019","9","AMERICAN BEVERAGE MARKETERS","166661","MASTER OF MIXES COCKTAIL ESSENTIALS SIMPLE SYRUP-NA","NON-ALCOHOL","18.76","23.00","0.00"
"2019","9","AMERICAN BEVERAGE MARKETERS","70901","FINEST CALL BLOODY MARY - 1L","NON-ALCOHOL","5.28","7.00","1.00"
"2019","9","AMERICAN BEVERAGE MARKETERS","70691","MASTER OF MIXES STR/DAQ/MAR - 1.75L","NON-ALCOHOL","7.61","3.00","1.00"
"2019","9","AMERICAN BEVERAGE MARKETERS","70647","FINEST CALL STRAWBERRY PUREE - 1L","NON-ALCOHOL","8.83","12.00","3.00"
"2019","9","AMERICAN BEVERAGE MARKETERS","70047","FINEST CALL PINA COLADA - 1L","NON-ALCOHOL","9.99","11.00","7.00"
"2019","9","AMERICAN BEVERAGE MARKETERS","74134","MASTER OF MIXES SWEET/SOUR - 1.75L","NON-ALCOHOL","16.91","15.00","3.00"
"2019","9","AMERICAN BEVERAGE MARKETERS","166662","AGALIMA SWEET & SOUR MIX - 1L","NON-ALCOHOL","6.09","4.00","0.00"
"2019","9","AMERICAN BEVERAGE MARKETERS","70069","FINEST CALL MARGARITA - 1L","NON-ALCOHOL","20.49","21.00","5.00"
"2019","9","AMERICAN BEVERAGE MARKETERS","166663","AGALIMA MARGARITA MIX - 1L","NON-ALCOHOL","18.79","23.00","0.00"
"2019","9","AMERICAN FIDELITY TRADING","44736","ARAK GANTOUS & ABOURAAD - 750ML","LIQUOR","0.00","0.00","1.00"
"2019","9","AMERICAN FIDELITY TRADING","324680","KSARA CUV DU PRINTEMPS - 750ML","WINE","0.00","1.00","1.00"
"2019","9","AMERICAN FIDELITY TRADING","388963","KSARA SUNSET ROSE - 750ML","WINE","0.08","0.00","1.00"
"2019","9","AMERICAN FIDELITY TRADING","324663","DOM WARDY SYR - 750ML","WINE","0.00","0.00","1.00"
"2019","9","AMERICAN FIDELITY TRADING","324655","CLOS ST THOMAS CHARD - 750ML","WINE","0.00","0.00","1.00"
"2019","9","AMERICAN FIDELITY TRADING","163740","KSARA BDB - 750ML","WINE","0.00","0.00","1.00"
"2019","9","AMERICAN FIDELITY TRADING","45898","ARAK LE BRUN - 750ML","LIQUOR","3.48","5.00","0.00"
"2019","9","AMERICAN FIDELITY TRADING","101117","KSARA CAB - 750ML","WINE","0.32","0.00","0.00"
"2019","9","AMERICAN FIDELITY TRADING","163589","KSARA RES DU COUVENT RED - 750ML","WINE","0.00","0.00","4.00"
"2019","9","ANHEUSER BUSCH INC","23075","LANDSHARK LAGER 4/6 NR - 12OZ","BEER","46.07","49.00","121.00"
"2019","9","ANHEUSER BUSCH INC","51020","GOOSE ISLAND NEXT COAST IPA 1/2 KEG","KEGS","0.00","0.00","4.00"
"2019","9","ANHEUSER BUSCH INC","51021","DEVILS BACKBONE GOLD LEAF LAGER 1/2 KEG","KEGS","0.00","0.00","1.00"
"2019","9","ANHEUSER BUSCH INC","51031","VIRTUE MICHIGAN APPLE CIDER 4/6PK 12OZ CAN","BEER","0.00","0.00","23.50"
"2019","9","ANHEUSER BUSCH INC","51032","GOOSE ISLAND NEXT COAST IPA 4/6PK 12OZ CAN","BEER","0.00","0.00","27.75"
"2019","9","ANHEUSER BUSCH INC","23024","LANDSHARK LAGER 2/12 NR - 12OZ","BEER","3.54","3.00","79.00"
"2019","9","ANHEUSER BUSCH INC","22996","KONA LONGBOARD 1/2K","KEGS","0.00","0.00","6.00"
"2019","9","ANHEUSER BUSCH INC","51060","RITAS CHERRY-LIMEADE-RITA 15/25OZ CAN","BEER","0.61","0.00","87.93"
"2019","9","ANHEUSER BUSCH INC","22946","BUD LIGHT LIME 2/12 NR - 12OZ","BEER","20.08","19.00","276.50"
"2019","9","ANHEUSER BUSCH INC","22935","BUD LIGHT LIME 4/6 NR - 12OZ","BEER","0.00","0.00","242.50"
"2019","9","ANHEUSER BUSCH INC","51077","RITAS SPRITZ VARIETY 2/12PK 12OZ CAN","BEER","13.61","13.00","28.00"
"2019","9","ANHEUSER BUSCH INC","97055","KIRIN ICHIBAN 1/2K","KEGS","0.00","0.00","16.00"
"2019","9","ANHEUSER BUSCH INC","51079","BUDWEISER DISCOVERY LAGER 4/6 NR","BEER","1.00","0.00","0.00"
"2019","9","ANHEUSER BUSCH INC","51081","ELYSIAN SALUTE THE SUN 4/6 NR","BEER","2.25","0.00","0.00"
"2019","9","ANHEUSER BUSCH INC","51084","BUD LIGHT LEMON TEA 4/6 NR","BEER","0.75","2.00","14.00"
"2019","9","ANHEUSER BUSCH INC","51085","BUD LIGHT LEMON TEA 2/12 NR","BEER","1.50","0.00","7.00"
"2019","9","ANHEUSER BUSCH INC","96997","KIRIN ICHIBAN 4/6 NR - 12OZ","BEER","24.41","26.00","132.00"
"2019","9","ANHEUSER BUSCH INC","51086","BUD LIGHT LEMON TEA 2/12 CAN","BEER","0.00","0.00","8.00"
"2019","9","ANHEUSER BUSCH INC","51087","NATURAL LIGHT NATURDAYS 18PK CAN","BEER","13.00","10.00","264.00"
"2019","9","ANHEUSER BUSCH INC","51088","GOLDEN ROAD AGUA FRESCAS VARIETY 2/12 CAN","BEER","9.62","12.00","12.00"
"2019","10","ADAMBA IMPORTS INTL","42921","BAKS ZUBROWKA BISON VODKA - 750ML","LIQUOR","4.58","2.00","0.00"
"2019","10","ALLAGASH BREWING COMPANY","60023","ALLAGASH TRIPEL 1/2 KEG","KEGS","0.00","0.00","1.00"
"2019","10","ALLAGASH BREWING COMPANY","62903","ALLAGASH BON PICTAVIA 1/6 KEG","KEGS","0.00","0.00","3.00"
"2019","10","ALLAGASH BREWING COMPANY","97039","ALLAGASH TRIPLE NR - 25.4OZ","BEER","0.00","0.00","4.00"
"2019","10","ALLAGASH BREWING COMPANY","62028","ALLAGASH FARM TO FACE 375ML","BEER","0.00","0.00","6.00"
"2019","10","ALLAGASH BREWING COMPANY","10271","ALLAGASH SAISON 6/4 NR 12.0Z","BEER","0.34","0.00","8.00"
"2019","10","ALLAGASH BREWING COMPANY","2194","ALLAGASH WHITE 1/2K","KEGS","0.00","0.00","42.00"
"2019","10","ALLAGASH BREWING COMPANY","25092","ALLAGASH BLACK 6/4 NR - 12OZ","BEER","0.68","0.00","11.00"
"2019","10","ALLAGASH BREWING COMPANY","90751","ALLAGASH WHITE 6/4 NR - 12OZ","BEER","23.78","23.00","109.96"
"2019","10","ALLAGASH BREWING COMPANY","68382","ALLAGASH TRUE PENNY PILSNER 1/6 KEG","KEGS","0.00","0.00","1.00"
"2019","10","ALLAGASH BREWING COMPANY","61038","ALLAGASH TWO LIGHTS 6/4 NR","BEER","0.00","0.00","1.00"
"2019","10","ALLAGASH BREWING COMPANY","60877","ALLAGASH CURIEUX 6/4 NR","BEER","0.00","0.00","5.00"
"2019","10","ALLAGASH BREWING COMPANY","30804","ALLAGASH CURIEUX 12/750ML NR","BEER","0.00","0.00","4.00"
"2019","10","ALLAGASH BREWING COMPANY","68383","ALLAGASH TRUEPENNY PILSNER 6/4 NR","BEER","0.17","1.00","14.00"
"2019","10","ALLAGASH BREWING COMPANY","68384","ALLAGASH HAUNTED HOUSE 1/6 KEG","KEGS","0.00","0.00","2.00"
"2019","10","ALLAGASH BREWING COMPANY","63535","ALLAGASH BARREL & BEAN 6/4 NR","BEER","0.00","0.00","3.00"
"2019","10","ALLAGASH BREWING COMPANY","63765","ALLAGASH COPAIN 1/6 KEG","KEGS","0.00","0.00","2.00"
"2019","10","ALLAGASH BREWING COMPANY","25826","ALLAGASH WHITE 1/6K","KEGS","0.00","0.00","5.00"
"2019","10","ALLAGASH BREWING COMPANY","93324","ALLAGASH TRIPLE 6/4 NR - 12OZ","BEER","1.19","1.00","14.00"
"2019","10","ALLIED IMPORTERS USA LTD","73675","AMERICAN BARRELS BOURBON  NV - 750ML","LIQUOR","0.51","0.00","0.00"
"2019","10","AMERICAN BEVERAGE CORPORATION","82329","DAILYS MAUI WOWIE - 10.OZ","WINE","0.61","0.00","0.00"
"2019","10","AMERICAN BEVERAGE CORPORATION","166412","DAILY'S COCKTAIL STRAWBERRY DAIQUIRI - 10 OZ","WINE","0.00","0.00","5.00"
"2019","10","AMERICAN BEVERAGE CORPORATION","80050","DAILYS PEACH ON THE BEACH POUCH - 10OZ","WINE","0.54","0.00","0.00"
"2019","10","AMERICAN BEVERAGE CORPORATION","71799","DAILYS COCKTAIL SWEET & SOUR - NA - 1L","NON-ALCOHOL","0.64","1.00","1.00"
"2019","10","AMERICAN BEVERAGE CORPORATION","83228","DAILYS ISLAND BREEZE - 10OZ","WINE","3.71","0.00","0.00"
"2019","10","AMERICAN BEVERAGE CORPORATION","71810","DAILYS COCKTAIL STRAW/DAIQUIRE - NA - 1L","NON-ALCOHOL","0.41","0.00","0.00"
"2019","10","AMERICAN BEVERAGE CORPORATION","166386","DAILY'S COCKTAIL FROSE -10 OZ","WINE","0.61","0.00","0.00"
"2019","10","AMERICAN BEVERAGE CORPORATION","166387","DAILY'S COCKTAIL MARGARITA - 10 OZ","WINE","0.29","0.00","0.00"
"2019","10","AMERICAN BEVERAGE MARKETERS","70647","FINEST CALL STRAWBERRY PUREE - 1L","NON-ALCOHOL","8.59","7.00","3.00"
"2019","10","AMERICAN BEVERAGE MARKETERS","70709","MASTER OF MIXES BLOODY MARY - 1.75L","NON-ALCOHOL","9.48","11.00","0.00"
"2019","10","AMERICAN BEVERAGE MARKETERS","70198","MASTER OF MIXES MARGARITA LITE - 1.75L","NON-ALCOHOL","6.42","10.00","1.00"
"2019","10","AMERICAN BEVERAGE MARKETERS","329606","FINEST CALL BLOODY MARY HABANE - 1L","NON-ALCOHOL","0.08","0.00","0.00"
"2019","10","AMERICAN BEVERAGE MARKETERS","70727","MASTER OF MIXES MOJITO - 1L","NON-ALCOHOL","(0.08)","0.00","0.00"
"2019","10","AMERICAN BEVERAGE MARKETERS","70717","MASTER OF MIXES PINA COLADA - 1.75L","NON-ALCOHOL","7.95","9.00","0.00"
"2019","10","AMERICAN BEVERAGE MARKETERS","87994","FINEST CALL MANGO PUREE - 1L","NON-ALCOHOL","8.91","5.00","2.00"
"2019","10","AMERICAN BEVERAGE MARKETERS","166661","MASTER OF MIXES COCKTAIL ESSENTIALS SIMPLE SYRUP-NA","NON-ALCOHOL","18.53","13.00","0.00"
"2019","10","AMERICAN BEVERAGE MARKETERS","70069","FINEST CALL MARGARITA - 1L","NON-ALCOHOL","19.70","21.00","8.00"
"2019","10","AMERICAN BEVERAGE MARKETERS","70665","MASTER OF MIXES COCKTAIL ESS GRENADINE - 375ML","NON-ALCOHOL","28.44","28.00","6.00"
"2019","10","AMERICAN BEVERAGE MARKETERS","70701","MASTER OF MIXES MARGARITA - 1.75L","NON-ALCOHOL","18.09","23.00","4.00"
"2019","10","AMERICAN BEVERAGE MARKETERS","166662","AGALIMA SWEET & SOUR MIX - 1L","NON-ALCOHOL","7.44","10.00","0.00"
"2019","10","AMERICAN BEVERAGE MARKETERS","70901","FINEST CALL BLOODY MARY - 1L","NON-ALCOHOL","6.44","6.00","1.00"
"2019","10","AMERICAN BEVERAGE MARKETERS","70756","FINEST CALL SWEET & SOUR - 1L","NON-ALCOHOL","22.40","23.00","7.00"
"2019","10","AMERICAN BEVERAGE MARKETERS","70674","MASTER OF MIXES BB MARG - 3L","NON-ALCOHOL","0.17","0.00","0.00"
"2019","10","AMERICAN BEVERAGE MARKETERS","70691","MASTER OF MIXES STR/DAQ/MAR - 1.75L","NON-ALCOHOL","5.91","8.00","2.00"
"2019","10","AMERICAN BEVERAGE MARKETERS","70736","MASTER OF MIXES COSMO - 1L","NON-ALCOHOL","0.16","0.00","0.00"
"2019","10","AMERICAN BEVERAGE MARKETERS","70924","MASTER OF MIXES COCKTAIL ESS LIME JUICE - 375ML","NON-ALCOHOL","39.31","42.00","2.00"
"2019","10","AMERICAN BEVERAGE MARKETERS","74134","MASTER OF MIXES SWEET/SOUR - 1.75L","NON-ALCOHOL","19.59","18.00","1.00"
"2019","10","AMERICAN BEVERAGE MARKETERS","70047","FINEST CALL PINA COLADA - 1L","NON-ALCOHOL","7.18","6.00","4.00"
"2019","10","AMERICAN BEVERAGE MARKETERS","166663","AGALIMA MARGARITA MIX - 1L","NON-ALCOHOL","18.43","18.00","0.00"
"2019","10","AMERICAN FIDELITY TRADING","45898","ARAK LE BRUN - 750ML","LIQUOR","3.28","8.00","0.00"
"2019","10","AMERICAN FIDELITY TRADING","163740","KSARA BDB - 750ML","WINE","0.00","0.00","1.00"
"2019","10","AMERICAN FIDELITY TRADING","388963","KSARA SUNSET ROSE - 750ML","WINE","0.32","0.00","1.00"
"2019","10","AMERICAN FIDELITY TRADING","163589","KSARA RES DU COUVENT RED - 750ML","WINE","0.00","0.00","6.00"
"2019","10","AMERICAN FIDELITY TRADING","101117","KSARA CAB - 750ML","WINE","0.33","1.00","0.00"
"2019","10","AMERICAN FIDELITY TRADING","331528","CLOS ST THOMAS P/NOIR - 750ML","WINE","0.00","0.00","1.00"
"2019","10","AMERICAN FIDELITY TRADING","324680","KSARA CUV DU PRINTEMPS - 750ML","WINE","0.08","0.00","0.00"
"2019","10","ANHEUSER BUSCH INC","25983","OMISSION PALE ALE 4/6 NR - 12OZ","BEER","12.00","10.00","52.00"
"2019","10","ANHEUSER BUSCH INC","26293","BUD CHELADA CANS 15/CS - 25OZ","BEER","0.00","0.00","179.80"
"2019","10","ANHEUSER BUSCH INC","26283","BUD LIGHT CHELADA CANS 15/CS - 25OZ","BEER","0.00","0.00","326.80"
"2019","10","ANHEUSER BUSCH INC","26272","BUD LIGHT 15/25OZ CANS","BEER","0.00","0.00","696.73"
"2019","10","ANHEUSER BUSCH INC","26262","DEVILS BACKBONE VIENNA LAGER 4/6NR - 12OZ","BEER","56.00","51.00","133.00"
"2019","10","ANHEUSER BUSCH INC","26260","RITAS-LIME-A-RITA 15/25OZ CAN","BEER","6.94","5.00","306.93"
"2019","10","ANHEUSER BUSCH INC","26252","DEVILS BACKBONE EIGHT POINT IPA 4/6NR - 12OZ","BEER","4.75","5.00","70.75"
"2019","10","ANHEUSER BUSCH INC","26249","RITAS STRAW-BER-RITA 15/25OZ CAN","BEER","8.97","7.00","312.00"
"2019","10","ANHEUSER BUSCH INC","26242","DEVILS BACKBONE VIENNA LAGER 1/2K","KEGS","0.00","0.00","24.00"
"2019","10","ANHEUSER BUSCH INC","26241","SHOCK TOP BELGIUM WHITE 6/4 CANS - 16OZ","BEER","0.00","0.00","54.00"
"2019","10","ANHEUSER BUSCH INC","26227","KIRIN 15/25OZ CANS - 25OZ","BEER","0.00","0.00","49.00"
"2019","10","ANHEUSER BUSCH INC","26216","BUD ICE 15/25OZ CANS","BEER","0.00","0.00","334.80"
"2019","10","ANHEUSER BUSCH INC","26207","DEVILS BACKBONE O'FEST 4/6NR - 12OZ","BEER","1.75","0.00","0.00"
"2019","10","ANHEUSER BUSCH INC","26205","NATURAL ICE CANS 15/CS - 25OZ","BEER","0.00","0.00","461.73"
"2019","10","ANHEUSER BUSCH INC","26194","BUD LIGHT LIME 15/25OZ CAN","BEER","0.00","0.00","99.00"
"2019","10","ANHEUSER BUSCH INC","26187","STELLA ARTOIS LOOSE NR - 11.2OZ","BEER","500.00","475.00","1,245.00"
"2019","10","ANHEUSER BUSCH INC","26181","OMISSION IPA 4/6NR - 12OZ","BEER","15.54","10.00","72.00"
"2019","10","ANHEUSER BUSCH INC","26165","KONA BIG WAVE GOLDEN BLONDE 1/6K","KEGS","0.00","0.00","11.00"
"2019","10","ANHEUSER BUSCH INC","26155","BUD LIGHT 18PK 16OZ CAN","BEER","39.00","32.00","488.89"
"2019","11","ADAMBA IMPORTS INTL","42921","BAKS ZUBROWKA BISON VODKA - 750ML","LIQUOR","4.70","3.00","0.00"
"2019","11","AIKO IMPORTERS INC","313119","CHOCALATO - 750ML","WINE","0.32","1.00","0.00"
"2019","11","ALLAGASH BREWING COMPANY","50067","ALLAGASH HIVE 56 6/375 ML NR","BEER","0.00","0.00","4.00"
"2019","11","ALLAGASH BREWING COMPANY","10271","ALLAGASH SAISON 6/4 NR 12.0Z","BEER","0.17","1.00","6.00"
"2019","11","ALLAGASH BREWING COMPANY","25092","ALLAGASH BLACK 6/4 NR - 12OZ","BEER","1.18","1.00","5.00"
"2019","11","ALLAGASH BREWING COMPANY","68733","ALLAGASH MAP 40 1/6 KEG","KEGS","0.00","0.00","3.00"
"2019","11","ALLAGASH BREWING COMPANY","93324","ALLAGASH TRIPLE 6/4 NR - 12OZ","BEER","0.85","1.00","11.00"
"2019","11","ALLAGASH BREWING COMPANY","90751","ALLAGASH WHITE 6/4 NR - 12OZ","BEER","26.37","20.00","95.00"
"2019","11","ALLAGASH BREWING COMPANY","68732","ALLAGASH THE CLOISTER 1/2 KEG","KEGS","0.00","0.00","1.00"
"2019","11","ALLAGASH BREWING COMPANY","30804","ALLAGASH CURIEUX 12/750ML NR","BEER","0.00","0.00","2.00"
"2019","11","ALLAGASH BREWING COMPANY","2194","ALLAGASH WHITE 1/2K","KEGS","0.00","0.00","35.00"
"2019","11","ALLAGASH BREWING COMPANY","60877","ALLAGASH CURIEUX 6/4 NR","BEER","0.00","0.00","4.00"
"2019","11","ALLAGASH BREWING COMPANY","62028","ALLAGASH FARM TO FACE 375ML","BEER","0.00","0.00","2.00"
"2019","11","ALLAGASH BREWING COMPANY","68448","ALLAGASH NANCY 6/375ML","BEER","0.00","0.00","2.00"
"2019","11","ALLAGASH BREWING COMPANY","62903","ALLAGASH BON PICTAVIA 1/6 KEG","KEGS","0.00","0.00","1.00"
"2019","11","ALLAGASH BREWING COMPANY","97039","ALLAGASH TRIPLE NR - 25.4OZ","BEER","0.00","0.00","2.00"
"2019","11","ALLAGASH BREWING COMPANY","63499","ALLAGASH BARREL & BEAN 1/6 KEG","KEGS","0.00","0.00","1.00"
"2019","11","ALLAGASH BREWING COMPANY","25826","ALLAGASH WHITE 1/6K","KEGS","0.00","0.00","3.00"
"2019","11","ALLAGASH BREWING COMPANY","62774","ALLAGASH GANACHE 6/375ML","BEER","0.00","0.00","2.00"
"2019","11","ALLIED IMPORTERS USA LTD","73675","AMERICAN BARRELS BOURBON  NV - 750ML","LIQUOR","0.34","0.00","0.00"
"2019","11","AMERICAN BEVERAGE CORPORATION","166412","DAILY'S COCKTAIL STRAWBERRY DAIQUIRI - 10 OZ","WINE","0.00","0.00","2.00"
"2019","11","AMERICAN BEVERAGE CORPORATION","83228","DAILYS ISLAND BREEZE - 10OZ","WINE","1.01","0.00","0.00"
"2019","11","AMERICAN BEVERAGE CORPORATION","80050","DAILYS PEACH ON THE BEACH POUCH - 10OZ","WINE","0.41","0.00","0.00"
"2019","11","AMERICAN BEVERAGE CORPORATION","82329","DAILYS MAUI WOWIE - 10.OZ","WINE","0.04","0.00","0.00"
"2019","11","AMERICAN BEVERAGE CORPORATION","166386","DAILY'S COCKTAIL FROSE -10 OZ","WINE","0.45","0.00","0.00"
"2019","11","AMERICAN BEVERAGE CORPORATION","71810","DAILYS COCKTAIL STRAW/DAIQUIRE - NA - 1L","NON-ALCOHOL","2.03","0.00","0.00"
"2019","11","AMERICAN BEVERAGE CORPORATION","71799","DAILYS COCKTAIL SWEET & SOUR - NA - 1L","NON-ALCOHOL","0.72","1.00","1.00"
"2019","11","AMERICAN BEVERAGE MARKETERS","70736","MASTER OF MIXES COSMO - 1L","NON-ALCOHOL","0.32","0.00","0.00"
"2019","11","AMERICAN BEVERAGE MARKETERS","74134","MASTER OF MIXES SWEET/SOUR - 1.75L","NON-ALCOHOL","19.40","18.00","1.00"
"2019","11","AMERICAN BEVERAGE MARKETERS","70069","FINEST CALL MARGARITA - 1L","NON-ALCOHOL","23.63","20.00","3.00"
"2019","11","AMERICAN BEVERAGE MARKETERS","70924","MASTER OF MIXES COCKTAIL ESS LIME JUICE - 375ML","NON-ALCOHOL","44.44","41.00","2.00"
"2019","11","AMERICAN BEVERAGE MARKETERS","70717","MASTER OF MIXES PINA COLADA - 1.75L","NON-ALCOHOL","9.30","9.00","2.00"
"2019","11","AMERICAN BEVERAGE MARKETERS","166661","MASTER OF MIXES COCKTAIL ESSENTIALS SIMPLE SYRUP-NA","NON-ALCOHOL","22.54","26.00","0.00"
"2019","11","AMERICAN BEVERAGE MARKETERS","166663","AGALIMA MARGARITA MIX - 1L","NON-ALCOHOL","16.95","16.00","0.00"
"2019","11","AMERICAN BEVERAGE MARKETERS","87994","FINEST CALL MANGO PUREE - 1L","NON-ALCOHOL","9.40","6.00","1.00"
"2019","11","AMERICAN BEVERAGE MARKETERS","70647","FINEST CALL STRAWBERRY PUREE - 1L","NON-ALCOHOL","8.74","6.00","1.00"
"2019","11","AMERICAN BEVERAGE MARKETERS","329606","FINEST CALL BLOODY MARY HABANE - 1L","NON-ALCOHOL","0.16","0.00","0.00"
"2019","11","AMERICAN BEVERAGE MARKETERS","70901","FINEST CALL BLOODY MARY - 1L","NON-ALCOHOL","7.64","7.00","2.00"
"2019","11","AMERICAN BEVERAGE MARKETERS","70756","FINEST CALL SWEET & SOUR - 1L","NON-ALCOHOL","27.95","29.00","7.00"
"2019","11","AMERICAN BEVERAGE MARKETERS","70047","FINEST CALL PINA COLADA - 1L","NON-ALCOHOL","8.34","7.00","5.00"
"2019","11","AMERICAN BEVERAGE MARKETERS","70709","MASTER OF MIXES BLOODY MARY - 1.75L","NON-ALCOHOL","14.01","13.00","0.00"
"2019","11","AMERICAN BEVERAGE MARKETERS","166662","AGALIMA SWEET & SOUR MIX - 1L","NON-ALCOHOL","7.12","7.00","0.00"
"2019","11","AMERICAN BEVERAGE MARKETERS","70665","MASTER OF MIXES COCKTAIL ESS GRENADINE - 375ML","NON-ALCOHOL","29.83","30.00","1.00"
"2019","11","AMERICAN BEVERAGE MARKETERS","70691","MASTER OF MIXES STR/DAQ/MAR - 1.75L","NON-ALCOHOL","5.77","5.00","0.00"
"2019","11","AMERICAN BEVERAGE MARKETERS","70198","MASTER OF MIXES MARGARITA LITE - 1.75L","NON-ALCOHOL","8.12","4.00","0.00"
"2019","11","AMERICAN BEVERAGE MARKETERS","70701","MASTER OF MIXES MARGARITA - 1.75L","NON-ALCOHOL","24.00","17.00","3.00"
"2019","11","AMERICAN FIDELITY TRADING","163589","KSARA RES DU COUVENT RED - 750ML","WINE","0.00","0.00","3.00"
"2019","11","AMERICAN FIDELITY TRADING","324680","KSARA CUV DU PRINTEMPS - 750ML","WINE","0.91","1.00","0.00"
"2019","11","AMERICAN FIDELITY TRADING","324647","CLOS ST THOMAS CH RED - 750ML","WINE","0.00","0.00","1.00"
"2019","11","AMERICAN FIDELITY TRADING","45898","ARAK LE BRUN - 750ML","LIQUOR","4.47","6.00","0.00"
"2019","11","AMERICAN FIDELITY TRADING","101117","KSARA CAB - 750ML","WINE","0.48","1.00","0.00"
"2019","11","AMERICAN FIDELITY TRADING","163740","KSARA BDB - 750ML","WINE","0.00","0.00","1.00"
"2019","11","AMERICAN FIDELITY TRADING","390968","CLOS ST THOMAS LES GOURMETS RED - 750ML","WINE","0.00","0.00","1.00"
"2019","11","AMERICAN FIDELITY TRADING","388963","KSARA SUNSET ROSE - 750ML","WINE","0.91","2.00","0.00"
"2019","11","AMERICAN FIDELITY TRADING","45412","CLOS ST THOMAS LES GOURMENTS BLC - 750ML","WINE","0.00","0.00","1.00"
"2019","11","AMERICAN FIDELITY TRADING","379816","KSARA PRIURE RED - 750ML","WINE","0.00","0.00","1.00"
"2019","11","ANHEUSER BUSCH INC","25922","RITAS STRAW-BER-RITA 8OZ 12PK CAN","BEER","4.50","2.00","119.00"
"2019","11","ANHEUSER BUSCH INC","26241","SHOCK TOP BELGIUM WHITE 6/4 CANS - 16OZ","BEER","0.00","0.00","39.00"
"2019","11","ANHEUSER BUSCH INC","26194","BUD LIGHT LIME 15/25OZ CAN","BEER","0.00","0.00","72.00"
"2019","11","ANHEUSER BUSCH INC","26242","DEVILS BACKBONE VIENNA LAGER 1/2K","KEGS","0.00","0.00","25.00"
"2019","11","ANHEUSER BUSCH INC","26249","RITAS STRAW-BER-RITA 15/25OZ CAN","BEER","9.68","13.00","247.00"
"2019","11","ANHEUSER BUSCH INC","26252","DEVILS BACKBONE EIGHT POINT IPA 4/6NR - 12OZ","BEER","7.25","4.00","70.00"
"2019","11","ANHEUSER BUSCH INC","26187","STELLA ARTOIS LOOSE NR - 11.2OZ","BEER","468.00","386.00","1,105.00"
"2019","11","ANHEUSER BUSCH INC","25903","GOOSE ISLAND 312 URBAN WHEAT 1/6K","KEGS","0.00","0.00","5.00"
"2019","11","ANHEUSER BUSCH INC","26260","RITAS-LIME-A-RITA 15/25OZ CAN","BEER","7.72","7.00","228.80"
"2019","11","ANHEUSER BUSCH INC","25625","LEFFE BRUNE 4/6NR - 11.2 OZ","BEER","56.29","52.00","127.00"
"2019","11","ANHEUSER BUSCH INC","48921","ELYSIAN DAYGLOW IPA 4/6PK 12OZ CAN","BEER","2.50","4.00","16.00"
"2019","11","ANHEUSER BUSCH INC","48914","GOOSE ISLAND IPA 2/15PK CAN","BEER","1.50","1.00","227.00"
"2019","11","ANHEUSER BUSCH INC","25597","SHOCK TOP LEMON SHANDY 4/6NR - 12OZ","BEER","0.16","0.00","27.00"
"2019","11","ANHEUSER BUSCH INC","25983","OMISSION PALE ALE 4/6 NR - 12OZ","BEER","12.50","8.00","39.00"
"2019","11","ANHEUSER BUSCH INC","25563","RITAS LIME-A-RITA 8OZ 12PK CAN","BEER","13.54","14.00","118.00"
"2019","11","ANHEUSER BUSCH INC","25546","FRANZISKANER WEISSBIER 4/6 NR 12OZ","BEER","34.25","33.00","64.00"
"2019","11","ANHEUSER BUSCH INC","9997","HOEGAARDEN 4/6NR - 12OZ","BEER","80.50","72.00","158.75"
"2019","11","ANHEUSER BUSCH INC","26181","OMISSION IPA 4/6NR - 12OZ","BEER","14.45","15.00","57.00"
"2019","11","ANHEUSER BUSCH INC","25544","SHOCK TOP SEASONAL SAMPLER 2/12NR - 12OZ","BEER","0.50","0.00","0.00"
